split,environment,path_num,condition_id,source_id,stage1_safe_cost,teacher_safe_cost,stage1_mode,teacher_mode,teacher_valid,B_cost_only_safe_cost,B_cost_only_mode,B_cost_only_recovery
train,env000015,2,0,0,1.9572657346725464,0.3997756838798523,-1,-1,True,0.9524335265159607,-1,0.6451612710952759
train,env000015,2,0,1,1.8970845937728882,0.48637115955352783,-1,-1,True,1.1581544876098633,-1,0.5237988829612732
train,env000015,2,0,2,2.1387975215911865,0.4671851396560669,-1,-1,True,1.1213535070419312,-1,0.6086602807044983
train,env000015,2,0,3,2.0475850105285645,0.46856409311294556,-1,-1,True,0.8837051391601562,-1,0.7370895743370056
train,env000040,1,1,0,6.54573917388916,1.9810456037521362,-1,-1,True,1.4653964042663574,1,1.1129647493362427
train,env000040,1,1,1,4.73961067199707,1.358424186706543,1,1,True,1.395574688911438,1,0.989012598991394
train,env000040,1,1,2,4.792385101318359,1.3309097290039062,1,1,True,1.4053921699523926,1,0.9784824848175049
train,env000040,1,1,3,5.3407182693481445,1.9858736991882324,1,1,True,1.4375990629196167,1,1.163427710533142
train,env000064,4,2,0,10.773459434509277,5.945574760437012,1,1,True,8.841758728027344,1,0.4001132547855377
train,env000064,4,2,1,10.254511833190918,6.2005839347839355,1,1,True,8.458740234375,1,0.44297078251838684
train,env000064,4,2,2,10.412781715393066,5.907715797424316,1,1,True,9.474055290222168,1,0.20837129652500153
train,env000064,4,2,3,9.957427024841309,6.357833385467529,1,1,True,8.591129302978516,1,0.37956997752189636
train,env000065,0,3,0,6.498783111572266,1.3635270595550537,0,1,True,0.0516342967748642,1,1.2554678916931152
train,env000065,0,3,1,6.774649143218994,1.5466324090957642,0,1,True,0.11287524551153183,1,1.2742449045181274
train,env000065,0,3,2,5.026790618896484,1.2019925117492676,1,1,True,0.06386720389127731,1,1.2975648641586304
train,env000065,0,3,3,5.396038055419922,1.1223738193511963,1,1,True,0.047313809394836426,1,1.2515546083450317
train,env000082,2,4,0,8.56099796295166,3.5534720420837402,-1,-1,True,3.7512826919555664,-1,0.9604973196983337
train,env000082,2,4,1,6.24179220199585,3.443647623062134,-1,-1,True,3.688835620880127,-1,0.9123747944831848
train,env000082,2,4,2,9.466033935546875,4.6197710037231445,1,0,True,3.853347063064575,-1,1.1581474542617798
train,env000082,2,4,3,8.209795951843262,3.5547540187835693,-1,-1,True,3.680940866470337,-1,0.9728925228118896
train,env000013,2,5,0,1.7953883409500122,0.33184829354286194,1,1,True,0.11790938675403595,1,1.146178960800171
train,env000013,2,5,1,1.9126046895980835,0.3322397470474243,1,1,True,0.07703704386949539,1,1.1614834070205688
train,env000013,2,5,2,1.761494517326355,0.33474841713905334,1,1,True,0.09692855924367905,1,1.166686773300171
train,env000013,2,5,3,2.3163986206054688,0.3852991461753845,0,0,True,0.0740031749010086,1,1.1612014770507812
train,env000028,4,6,0,3.590587615966797,0.5452867150306702,1,1,True,1.6465929746627808,-1,0.6383587718009949
train,env000028,4,6,1,3.774963617324829,0.5456264615058899,1,1,True,0.19389796257019043,-1,1.1089166402816772
train,env000028,4,6,2,3.2952892780303955,0.5648416876792908,1,1,True,0.22267203032970428,-1,1.1253163814544678
train,env000028,4,6,3,3.666208505630493,0.532381534576416,1,1,True,0.13933715224266052,-1,1.1254199743270874
train,env000076,2,7,0,7.917211055755615,1.072095274925232,1,1,True,0.46321800351142883,1,1.0889506340026855
train,env000076,2,7,1,9.806448936462402,0.9061006903648376,1,1,True,0.5338556170463562,1,1.0418236255645752
train,env000076,2,7,2,9.194032669067383,0.9792927503585815,1,1,True,0.6778952479362488,1,1.0366898775100708
train,env000076,2,7,3,11.964109420776367,3.640665292739868,1,1,True,0.5478552579879761,1,1.3715780973434448
train,env000079,0,8,0,6.522790908813477,1.301277995109558,1,1,True,0.22184647619724274,1,1.2067277431488037
train,env000079,0,8,1,7.623318195343018,2.363466262817383,-1,-1,True,0.2663732171058655,1,1.398698091506958
train,env000079,0,8,2,6.770753383636475,1.6172696352005005,1,1,True,0.23905430734157562,1,1.267433762550354
train,env000079,0,8,3,5.2886738777160645,1.0068223476409912,1,1,True,0.24776457250118256,1,1.177273154258728
train,env000071,0,9,0,9.04440689086914,3.332974433898926,-1,-1,True,1.9049804210662842,1,1.2500237226486206
train,env000071,0,9,1,8.883284568786621,4.066498756408691,-1,0,True,2.1138505935668945,1,1.4053840637207031
train,env000071,0,9,2,8.908249855041504,3.730271339416504,-1,-1,True,1.9577362537384033,1,1.3423218727111816
train,env000071,0,9,3,10.002100944519043,4.331645488739014,-1,-1,True,1.9609633684158325,1,1.4180761575698853
train,env000053,2,10,0,4.195001125335693,1.2969942092895508,-1,-1,True,1.460127592086792,-1,0.9437084197998047
train,env000053,2,10,1,4.1471123695373535,1.3521219491958618,-1,-1,True,1.4052578210830688,-1,0.9809889197349548
train,env000053,2,10,2,4.351765155792236,1.2739397287368774,-1,-1,True,1.5276720523834229,-1,0.9175611138343811
train,env000053,2,10,3,4.223598480224609,1.3166943788528442,-1,-1,True,1.466866374015808,-1,0.9483394622802734
train,env000073,2,11,0,4.43154239654541,0.7825989723205566,1,1,True,1.0342018604278564,1,0.9310477375984192
train,env000073,2,11,1,4.183930397033691,0.671133279800415,1,1,True,1.2319185733795166,1,0.8403593301773071
train,env000073,2,11,2,4.5630950927734375,0.6296849250793457,1,1,True,1.3536585569381714,1,0.8159424662590027
train,env000073,2,11,3,4.18505334854126,1.0652990341186523,1,1,True,1.1678460836410522,1,0.9671297073364258
train,env000070,2,12,0,9.274256706237793,1.7537537813186646,-1,0,True,1.1571446657180786,0,1.0793310403823853
train,env000070,2,12,1,10.551817893981934,1.3532359600067139,-1,-1,True,1.1721924543380737,0,1.019681692123413
train,env000070,2,12,2,11.051033020019531,1.6541763544082642,-1,-1,True,1.216870665550232,1,1.0465375185012817
train,env000070,2,12,3,8.343883514404297,1.2218303680419922,-1,0,True,1.196381688117981,0,1.0035732984542847
train,env000062,2,13,0,2.138719081878662,0.09186258912086487,1,1,True,0.21900013089179993,1,0.9378864765167236
train,env000062,2,13,1,1.6994500160217285,0.015358521603047848,1,1,True,0.15055422484874725,1,0.9197219014167786
train,env000062,2,13,2,3.0532631874084473,0.40036624670028687,1,1,True,0.21579565107822418,1,1.069573163986206
train,env000062,2,13,3,2.263267993927002,0.33669862151145935,1,1,True,0.1498861014842987,1,1.0969663858413696
train,env000075,4,14,0,6.2070465087890625,3.9070677757263184,-1,0,True,1.421569585800171,-1,2.0806612968444824
train,env000075,4,14,1,6.425305366516113,3.9227089881896973,1,1,True,1.047401785850525,0,2.1489295959472656
train,env000075,4,14,2,6.417513847351074,3.777521848678589,-1,-1,True,1.113909125328064,-1,2.0089471340179443
train,env000075,4,14,3,5.660114288330078,3.9393138885498047,1,1,True,1.1449556350708008,-1,2.623871326446533
train,env000056,1,15,0,5.197978496551514,0.08253248780965805,1,1,True,0.03871386498212814,1,1.008565902709961
train,env000056,1,15,1,5.211106300354004,0.06847365200519562,1,1,True,0.07989190518856049,1,0.9977797865867615
train,env000056,1,15,2,5.357687473297119,0.9057915210723877,1,1,True,0.05590420961380005,1,1.1909046173095703
train,env000056,1,15,3,5.360993385314941,0.06465103477239609,1,1,True,0.055956631898880005,1,1.0016415119171143
train,env000030,0,16,0,9.260406494140625,3.052967071533203,1,1,True,3.126131772994995,-1,0.9882133603096008
train,env000030,0,16,1,10.926247596740723,2.7637088298797607,0,1,True,2.89961838722229,-1,0.9833496809005737
train,env000030,0,16,2,7.221677303314209,2.8483121395111084,1,1,True,2.9464914798736572,-1,0.9775505065917969
train,env000030,0,16,3,7.624963283538818,2.6316330432891846,1,1,True,2.947208881378174,-1,0.9368005990982056
train,env000000,2,17,0,7.23826789855957,0.5106528401374817,-1,-1,True,0.6710657477378845,-1,0.9761560559272766
train,env000000,2,17,1,4.789477348327637,0.4731018543243408,-1,-1,True,0.6074783205986023,-1,0.9688681960105896
train,env000000,2,17,2,6.597721099853516,1.7142118215560913,0,1,True,0.8019124865531921,-1,1.1868122816085815
train,env000000,2,17,3,7.871509552001953,0.6768583059310913,-1,-1,True,0.707496166229248,-1,0.995741605758667
train,env000078,1,18,0,4.876522541046143,1.5843439102172852,1,1,True,0.27732110023498535,1,1.3970084190368652
train,env000078,1,18,1,5.141993045806885,1.6977943181991577,1,1,True,0.3735482394695282,1,1.3844860792160034
train,env000078,1,18,2,5.37880802154541,1.5756549835205078,1,1,True,0.5935195088386536,1,1.2582423686981201
train,env000078,1,18,3,5.284359455108643,1.7787768840789795,1,1,True,0.4789733588695526,1,1.3707810640335083
train,env000010,4,19,0,6.066903591156006,2.2152099609375,1,1,True,1.3151549100875854,-1,1.2336777448654175
train,env000010,4,19,1,6.280433654785156,2.4446663856506348,-1,-1,True,1.238512396812439,-1,1.3144491910934448
train,env000010,4,19,2,5.381890773773193,2.307779550552368,1,1,True,1.3351222276687622,-1,1.316402792930603
train,env000010,4,19,3,5.640833854675293,2.479067325592041,-1,-1,True,1.281766653060913,-1,1.3786808252334595
train,env000014,2,20,0,4.427368640899658,1.7212677001953125,1,1,True,0.13200661540031433,-1,1.5872881412506104
train,env000014,2,20,1,4.139205455780029,0.9328845143318176,1,1,True,0.12004771083593369,-1,1.2535107135772705
train,env000014,2,20,2,1.7081360816955566,0.04589017480611801,-1,-1,True,0.09817640483379364,-1,0.9685449004173279
train,env000014,2,20,3,3.5976686477661133,0.07414478808641434,-1,-1,True,0.1279842108488083,-1,0.98471999168396
train,env000036,0,21,0,3.916048049926758,1.148144245147705,1,1,True,1.1754834651947021,1,0.9901227951049805
train,env000036,0,21,1,4.245540618896484,1.2050327062606812,1,1,True,1.175694465637207,1,1.0096491575241089
train,env000036,0,21,2,4.388328552246094,1.3651913404464722,1,1,True,1.234431266784668,1,1.0432531833648682
train,env000036,0,21,3,4.152746677398682,1.1671878099441528,1,1,True,1.1861639022827148,1,0.9936439990997314
train,env000012,0,22,0,6.6702470779418945,1.9381496906280518,1,1,True,1.1995116472244263,1,1.1560909748077393
train,env000012,0,22,1,6.463065147399902,1.9452261924743652,1,1,True,1.174291968345642,1,1.1706422567367554
train,env000012,0,22,2,7.204606056213379,2.2744250297546387,1,1,True,1.1157653331756592,1,1.2350136041641235
train,env000012,0,22,3,6.747611999511719,1.9679213762283325,1,1,True,1.2613917589187622,1,1.1478191614151
train,env000057,4,23,0,5.865016460418701,0.8368433713912964,1,1,True,1.2350611686706543,1,0.9208027124404907
train,env000057,4,23,1,4.795956134796143,0.8007360696792603,1,1,True,1.340065836906433,1,0.8650062084197998
train,env000057,4,23,2,4.425393104553223,0.8545784950256348,1,1,True,1.2690346240997314,1,0.88393235206604
train,env000057,4,23,3,5.766474723815918,0.800976574420929,1,1,True,1.2388250827789307,1,0.9118219017982483
train,env000001,4,24,0,2.7043635845184326,0.120428666472435,-1,-1,True,0.19813388586044312,-1,0.9699274897575378
train,env000001,4,24,1,2.9736483097076416,0.12661603093147278,-1,-1,True,0.24031366407871246,-1,0.9600644707679749
train,env000001,4,24,2,3.4443957805633545,0.37027978897094727,-1,-1,True,0.17755058407783508,-1,1.0626941919326782
train,env000001,4,24,3,3.3203489780426025,0.6815821528434753,-1,-1,True,0.24782511591911316,-1,1.1643787622451782
train,env000086,2,25,0,2.949730634689331,0.5068445205688477,1,1,True,1.2571547031402588,1,0.6928591132164001
train,env000086,2,25,1,3.1756818294525146,0.4792194962501526,1,1,True,1.2286237478256226,0,0.7220786809921265
train,env000086,2,25,2,3.5758461952209473,0.5800163745880127,1,1,True,1.1948730945587158,1,0.7947624921798706
train,env000086,2,25,3,2.8593909740448,0.5011910796165466,1,1,True,1.262410283088684,1,0.6772032976150513
train,env000098,2,26,0,9.477063179016113,4.0921630859375,-1,0,True,0.9110090136528015,1,1.590754508972168
train,env000098,2,26,1,9.163684844970703,3.432861566543579,-1,0,True,0.9915947914123535,1,1.4259889125823975
train,env000098,2,26,2,8.915860176086426,1.2820733785629272,-1,-1,True,1.0666970014572144,1,1.028213620185852
train,env000098,2,26,3,8.642251968383789,4.05543851852417,-1,0,True,1.0035483837127686,1,1.6653616428375244
train,env000026,2,27,0,6.479658126831055,2.790804386138916,1,0,True,1.1176862716674805,-1,1.453560471534729
train,env000026,2,27,1,7.043962001800537,2.7534728050231934,1,0,True,1.1101628541946411,-1,1.383012294769287
train,env000026,2,27,2,6.818345069885254,2.6882193088531494,1,1,True,1.0235077142715454,-1,1.40306556224823
train,env000026,2,27,3,7.211082458496094,2.750183582305908,1,1,True,1.1754233837127686,-1,1.3530139923095703
train,env000050,1,28,0,9.412609100341797,1.653241753578186,-1,-1,True,1.561485767364502,1,1.0118252038955688
train,env000050,1,28,1,5.622840404510498,2.071380138397217,0,1,True,1.5725722312927246,1,1.1404515504837036
train,env000050,1,28,2,5.462706565856934,1.9082610607147217,-1,-1,True,1.5697988271713257,1,1.0952222347259521
train,env000050,1,28,3,5.674055099487305,1.7571587562561035,-1,-1,True,1.5788042545318604,1,1.0455347299575806
train,env000032,4,29,0,0.49244335293769836,0.006706657353788614,-1,-1,True,0.04451138526201248,-1,0.9221703410148621
train,env000032,4,29,1,3.300473213195801,0.023341547697782516,-1,-1,True,0.05084843933582306,-1,0.9916064143180847
train,env000032,4,29,2,0.4482631981372833,0.016124097630381584,-1,-1,True,0.06837169826030731,-1,0.8790954351425171
train,env000032,4,29,3,2.876570224761963,0.02738890051841736,-1,-1,True,0.06360924243927002,-1,0.9872874617576599
heldout,env000017,2,30,0,4.070417404174805,0.5812411904335022,-1,-1,True,2.0607733726501465,-1,0.575965166091919
heldout,env000017,2,30,1,3.6958346366882324,0.549871027469635,-1,-1,True,1.4510443210601807,-1,0.7135461568832397
heldout,env000017,2,30,2,3.8539912700653076,0.7084817886352539,-1,-1,True,1.5556854009628296,-1,0.7306625247001648
heldout,env000017,2,30,3,3.9913370609283447,0.6394962668418884,-1,-1,True,1.586075782775879,-1,0.7175941467285156
heldout,env000077,4,31,0,1.474953055381775,0.17828230559825897,-1,-1,True,2.257796287536621,1,-0.603733241558075
heldout,env000077,4,31,1,1.426378846168518,0.16083604097366333,-1,-1,True,2.95894455909729,1,-1.210994839668274
heldout,env000077,4,31,2,1.5497924089431763,0.20736093819141388,-1,-1,True,2.35494327545166,1,-0.5997705459594727
heldout,env000077,4,31,3,0.9512587189674377,0.2560216784477234,-1,-1,True,3.1839823722839355,1,-3.211456775665283
heldout,env000090,2,32,0,4.808902740478516,2.465777635574341,-1,-1,True,4.717848777770996,-1,0.038860052824020386
heldout,env000090,2,32,1,5.925668239593506,2.1969311237335205,-1,-1,True,4.622401714324951,-1,0.3495195508003235
heldout,env000090,2,32,2,5.3090739250183105,2.174522638320923,-1,-1,True,4.0840582847595215,-1,0.3908105194568634
heldout,env000090,2,32,3,5.104772567749023,2.2058701515197754,-1,-1,True,4.576960563659668,-1,0.18207305669784546
heldout,env000088,1,33,0,4.8013596534729,1.2378116846084595,-1,-1,True,4.795041561126709,-1,0.001772977993823588
heldout,env000088,1,33,1,9.255301475524902,1.1364332437515259,1,1,True,4.223063945770264,1,0.6198201179504395
heldout,env000088,1,33,2,6.863266468048096,1.0839651823043823,1,1,True,4.225858211517334,1,0.45635417103767395
heldout,env000088,1,33,3,4.648861885070801,1.7226459980010986,-1,-1,True,4.982108116149902,1,-0.11388299614191055
heldout,env000069,2,34,0,5.747584342956543,0.6782270669937134,-1,-1,True,3.089956521987915,-1,0.5242533683776855
heldout,env000069,2,34,1,6.086954116821289,0.7408707737922668,-1,-1,True,5.70161771774292,-1,0.07207826524972916
heldout,env000069,2,34,2,5.33612585067749,0.4990127682685852,-1,-1,True,4.972982406616211,-1,0.07507441937923431
heldout,env000069,2,34,3,5.463579177856445,0.8907642364501953,-1,-1,True,6.71628999710083,-1,-0.27394741773605347
heldout,env000091,3,35,0,2.8232004642486572,0.29744672775268555,1,1,True,4.222113609313965,1,-0.5538596510887146
heldout,env000091,3,35,1,2.9470374584198,0.28992265462875366,1,0,True,4.099249362945557,1,-0.4336327314376831
heldout,env000091,3,35,2,2.9244024753570557,0.281167596578598,1,0,True,3.8806071281433105,1,-0.36175546050071716
heldout,env000091,3,35,3,2.8386058807373047,0.3029699921607971,1,1,True,4.092857837677002,1,-0.49464985728263855
heldout,env000046,4,36,0,3.305405855178833,0.5725955367088318,-1,-1,True,3.092101573944092,-1,0.07805308699607849
heldout,env000046,4,36,1,2.7972733974456787,0.6047365665435791,-1,-1,True,3.0200445652008057,-1,-0.10160429775714874
heldout,env000046,4,36,2,2.8047752380371094,0.26192209124565125,-1,-1,True,3.7589733600616455,-1,-0.375247061252594
heldout,env000046,4,36,3,3.1999547481536865,0.5808858871459961,-1,-1,True,3.8113319873809814,-1,-0.2334330528974533
heldout,env000072,0,37,0,5.572100639343262,1.8532720804214478,-1,-1,True,4.439226150512695,1,0.3046320676803589
heldout,env000072,0,37,1,5.051319122314453,1.8346160650253296,-1,-1,True,5.539200782775879,-1,-0.15167135000228882
heldout,env000072,0,37,2,5.3877272605896,1.2195460796356201,-1,-1,True,4.406841278076172,1,0.2353270798921585
heldout,env000072,0,37,3,4.02705192565918,0.5529142022132874,-1,-1,True,3.8936381340026855,1,0.03840198740363121
heldout,env000087,3,38,0,8.726398468017578,4.023745059967041,1,0,True,7.937175750732422,1,0.16782498359680176
heldout,env000087,3,38,1,9.539375305175781,2.747893810272217,1,1,True,10.577286720275879,1,-0.1528254747390747
heldout,env000087,3,38,2,9.782075881958008,3.375591993331909,1,1,True,9.921658515930176,1,-0.02178771421313286
heldout,env000087,3,38,3,8.634204864501953,4.082177639007568,-1,-1,True,8.819863319396973,-1,-0.040785882622003555
heldout,env000092,2,39,0,7.080886363983154,1.822756052017212,1,1,True,8.793588638305664,1,-0.32572460174560547
heldout,env000092,2,39,1,6.7044758796691895,2.784911632537842,1,0,True,6.745288848876953,1,-0.010412628762423992
heldout,env000092,2,39,2,7.499910831451416,2.140941858291626,0,-1,True,6.843631744384766,1,0.12246368825435638
heldout,env000092,2,39,3,7.0799784660339355,2.122662305831909,1,1,True,8.62435245513916,1,-0.3115342855453491
