path_id,center,sigma,center_cost,success_rate,perturbed_cost_mean,cost_multiplier_mean
40,0,0.05,0.0037681511603295803,1.0,0.004072858951985836,1.0808640718460083
40,1,0.05,0.0033385029528290033,1.0,0.0037665802519768476,1.1282243728637695
40,2,0.05,0.003668457269668579,1.0,0.0037716219667345285,1.028122067451477
40,3,0.05,0.0037098084576427937,0.875,0.004826808348298073,1.3010936975479126
40,4,0.05,0.003977969288825989,1.0,0.004169487860053778,1.0481446981430054
40,5,0.05,0.003707604017108679,1.0,0.003757973201572895,1.0135853290557861
40,6,0.05,0.006181265693157911,0.40625,0.006375124212354422,1.0313622951507568
40,7,0.05,0.004050660878419876,1.0,0.004158652387559414,1.0266602039337158
40,8,0.05,0.003773069940507412,1.0,0.003918970003724098,1.0386687517166138
40,9,0.05,0.0035341561306267977,0.96875,0.003859505522996187,1.0920586585998535
40,10,0.05,0.003683187998831272,1.0,0.003782584797590971,1.0269867181777954
40,11,0.05,0.0034365388564765453,1.0,0.0034728595055639744,1.0105690956115723
40,12,0.05,0.00366940232925117,1.0,0.00369866075925529,1.007973551750183
40,13,0.05,0.003556443378329277,0.96875,0.00403169309720397,1.133630633354187
40,14,0.05,0.003958320710808039,1.0,0.0039882175624370575,1.0075528621673584
40,15,0.05,0.003754508215934038,1.0,0.003977540414780378,1.059403896331787
40,16,0.05,0.0035985035356134176,0.875,0.004529994446784258,1.2588552236557007
40,17,0.05,0.004610382951796055,1.0,0.004640746861696243,1.006585955619812
40,18,0.05,0.0034216376952826977,0.9375,0.004012843128293753,1.1727843284606934
40,19,0.05,0.0035944196861237288,0.9375,0.004254368133842945,1.1836036443710327
40,20,0.05,0.0037158287595957518,1.0,0.0037814502138644457,1.0176600217819214
40,21,0.05,0.0038332983385771513,0.96875,0.004121886100620031,1.0752843618392944
40,22,0.05,0.0034428026992827654,0.96875,0.004044057335704565,1.1746411323547363
40,23,0.05,0.0032150987535715103,1.0,0.0038129552267491817,1.1859527826309204
40,24,0.05,0.004015179350972176,1.0,0.004035523161292076,1.0050667524337769
40,25,0.05,0.003691451856866479,0.9375,0.004132914822548628,1.1195906400680542
40,26,0.05,0.0033909243065863848,1.0,0.0035426029935479164,1.04473078250885
40,27,0.05,0.003458312712609768,1.0,0.0035579383838921785,1.028807520866394
40,28,0.05,0.0044997395016252995,0.96875,0.004790896084159613,1.0647051334381104
40,29,0.05,0.0026627567131072283,1.0,0.002689320594072342,1.0099760293960571
40,30,0.05,0.0037236795760691166,1.0,0.0037652147002518177,1.0111544132232666
40,31,0.05,0.0034522030036896467,1.0,0.003751179436221719,1.0866045951843262
40,0,0.1,0.0037681511603295803,0.875,0.004916558042168617,1.3047666549682617
40,1,0.1,0.0033385029528290033,0.96875,0.004481437616050243,1.3423494100570679
40,2,0.1,0.003668457269668579,0.96875,0.004145866259932518,1.130138874053955
40,3,0.1,0.0037098084576427937,0.78125,0.005029568914324045,1.3557490110397339
40,4,0.1,0.003977969288825989,0.90625,0.004765138030052185,1.1978819370269775
40,5,0.1,0.003707604017108679,0.96875,0.0040854597464203835,1.1019136905670166
40,6,0.1,0.006181265693157911,0.125,0.006804563570767641,1.1008365154266357
40,7,0.1,0.004050660878419876,0.9375,0.004591774195432663,1.1335864067077637
40,8,0.1,0.003773069940507412,0.96875,0.0043008336797356606,1.1398764848709106
40,9,0.1,0.0035341561306267977,0.90625,0.004415844567120075,1.2494763135910034
40,10,0.1,0.003683187998831272,1.0,0.004021859727799892,1.09195077419281
40,11,0.1,0.0034365388564765453,1.0,0.0035966658033430576,1.0465953350067139
40,12,0.1,0.00366940232925117,1.0,0.003796996083110571,1.0347723960876465
40,13,0.1,0.003556443378329277,0.8125,0.0046829902566969395,1.3167623281478882
40,14,0.1,0.003958320710808039,1.0,0.004089767578989267,1.033207654953003
40,15,0.1,0.003754508215934038,0.9375,0.004480835981667042,1.1934549808502197
40,16,0.1,0.0035985035356134176,0.875,0.004762175492942333,1.3233765363693237
40,17,0.1,0.004610382951796055,0.96875,0.005239290650933981,1.136411190032959
40,18,0.1,0.0034216376952826977,0.9375,0.0044881561771035194,1.3116984367370605
40,19,0.1,0.0035944196861237288,0.8125,0.004913599230349064,1.3670077323913574
40,20,0.1,0.0037158287595957518,0.96875,0.004175425507128239,1.1236861944198608
40,21,0.1,0.0038332983385771513,0.875,0.004652095027267933,1.213600993156433
40,22,0.1,0.0034428026992827654,0.625,0.006760728545486927,1.9637280702590942
40,23,0.1,0.0032150987535715103,1.0,0.00403559161350131,1.255199909210205
40,24,0.1,0.004015179350972176,1.0,0.0041026100516319275,1.0217751264572144
40,25,0.1,0.003691451856866479,0.90625,0.004503549542278051,1.219994068145752
40,26,0.1,0.0033909243065863848,1.0,0.004085034132003784,1.2046964168548584
40,27,0.1,0.003458312712609768,1.0,0.003968946170061827,1.1476538181304932
40,28,0.1,0.0044997395016252995,0.90625,0.005096219014376402,1.1325585842132568
40,29,0.1,0.0026627567131072283,1.0,0.002740031573921442,1.0290205478668213
40,30,0.1,0.0037236795760691166,1.0,0.0038098765071481466,1.0231482982635498
40,31,0.1,0.0034522030036896467,1.0,0.004073246847838163,1.1798980236053467
40,0,0.2,0.0037681511603295803,0.53125,0.006148322951048613,1.631655216217041
40,1,0.2,0.0033385029528290033,0.9375,0.004702061414718628,1.4084341526031494
40,2,0.2,0.003668457269668579,0.78125,0.005023360718041658,1.369338870048523
40,3,0.2,0.0037098084576427937,0.75,0.0052987816743552685,1.4283168315887451
40,4,0.2,0.003977969288825989,0.6875,0.005442559719085693,1.3681753873825073
40,5,0.2,0.003707604017108679,0.84375,0.005533302668482065,1.4924200773239136
40,6,0.2,0.006181265693157911,0.0,0.007776122074574232,1.2580146789550781
40,7,0.2,0.004050660878419876,0.71875,0.006483319215476513,1.6005584001541138
40,8,0.2,0.003773069940507412,0.8125,0.005477519705891609,1.4517409801483154
40,9,0.2,0.0035341561306267977,0.78125,0.004916165489703417,1.3910436630249023
40,10,0.2,0.003683187998831272,0.9375,0.004554840736091137,1.2366570234298706
40,11,0.2,0.0034365388564765453,0.84375,0.00449953880161047,1.3093228340148926
40,12,0.2,0.00366940232925117,0.875,0.004403338767588139,1.2000151872634888
40,13,0.2,0.003556443378329277,0.71875,0.005092919338494539,1.4320260286331177
40,14,0.2,0.003958320710808039,0.9375,0.004582108464092016,1.157589077949524
40,15,0.2,0.003754508215934038,0.75,0.005370671395212412,1.4304592609405518
40,16,0.2,0.0035985035356134176,0.875,0.005023058969527483,1.3958745002746582
40,17,0.2,0.004610382951796055,0.84375,0.01051353756338358,2.2804043292999268
40,18,0.2,0.0034216376952826977,0.8125,0.004695952869951725,1.3724285364151
40,19,0.2,0.0035944196861237288,0.75,0.0050224740989506245,1.3972975015640259
40,20,0.2,0.0037158287595957518,0.84375,0.005110157188028097,1.3752403259277344
40,21,0.2,0.0038332983385771513,0.75,0.005007405765354633,1.3062916994094849
40,22,0.2,0.0034428026992827654,0.25,0.012634601444005966,3.6698591709136963
40,23,0.2,0.0032150987535715103,0.875,0.009369621984660625,2.9142563343048096
40,24,0.2,0.004015179350972176,0.9375,0.004466587677598,1.112425446510315
40,25,0.2,0.003691451856866479,0.84375,0.004927003290504217,1.3347060680389404
40,26,0.2,0.0033909243065863848,1.0,0.004422491416335106,1.3042142391204834
40,27,0.2,0.003458312712609768,0.65625,0.009595151990652084,2.7745184898376465
40,28,0.2,0.0044997395016252995,0.75,0.005692757666110992,1.2651305198669434
40,29,0.2,0.0026627567131072283,1.0,0.002848532982170582,1.0697685480117798
40,30,0.2,0.0037236795760691166,0.96875,0.004163889680057764,1.1182191371917725
40,31,0.2,0.0034522030036896467,1.0,0.004163669887930155,1.2060906887054443
40,0,0.5,0.0037681511603295803,0.4375,0.008051352575421333,2.1366851329803467
40,1,0.5,0.0033385029528290033,0.78125,0.005185719113796949,1.5533066987991333
40,2,0.5,0.003668457269668579,0.71875,0.005606281105428934,1.528239369392395
40,3,0.5,0.0037098084576427937,0.65625,0.007713825907558203,2.079305648803711
40,4,0.5,0.003977969288825989,0.53125,0.006811582017689943,1.7123265266418457
40,5,0.5,0.003707604017108679,0.53125,0.01170745212584734,3.157686710357666
40,6,0.5,0.006181265693157911,0.0,0.00919593870639801,1.4877113103866577
40,7,0.5,0.004050660878419876,0.375,0.009722706861793995,2.4002768993377686
40,8,0.5,0.003773069940507412,0.4375,0.01108461432158947,2.9378232955932617
40,9,0.5,0.0035341561306267977,0.53125,0.006814572494477034,1.9282035827636719
40,10,0.5,0.003683187998831272,0.75,0.00617239810526371,1.6758304834365845
40,11,0.5,0.0034365388564765453,0.6875,0.005918701644986868,1.7222858667373657
40,12,0.5,0.00366940232925117,0.5625,0.0071947271935641766,1.9607353210449219
40,13,0.5,0.003556443378329277,0.40625,0.010372765362262726,2.9166126251220703
40,14,0.5,0.003958320710808039,0.53125,0.009001841768622398,2.2741565704345703
40,15,0.5,0.003754508215934038,0.53125,0.006673230789601803,1.7773915529251099
40,16,0.5,0.0035985035356134176,0.65625,0.0061140223406255245,1.6990456581115723
40,17,0.5,0.004610382951796055,0.53125,0.011603745631873608,2.5168726444244385
40,18,0.5,0.0034216376952826977,0.625,0.0060586160980165005,1.7706773281097412
40,19,0.5,0.0035944196861237288,0.65625,0.005752528551965952,1.6004053354263306
40,20,0.5,0.0037158287595957518,0.625,0.006063493900001049,1.6318010091781616
40,21,0.5,0.0038332983385771513,0.75,0.00520170945674181,1.3569799661636353
40,22,0.5,0.0034428026992827654,0.0,0.01955563575029373,5.680150032043457
40,23,0.5,0.0032150987535715103,0.46875,0.01173129491508007,3.648813009262085
40,24,0.5,0.004015179350972176,0.46875,0.008358001708984375,2.081601142883301
40,25,0.5,0.003691451856866479,0.75,0.005283923353999853,1.4313944578170776
40,26,0.5,0.0033909243065863848,0.875,0.004948342218995094,1.4592899084091187
40,27,0.5,0.003458312712609768,0.25,0.01950351893901825,5.63960599899292
40,28,0.5,0.0044997395016252995,0.4375,0.007220542524009943,1.6046578884124756
40,29,0.5,0.0026627567131072283,0.96875,0.003573130816221237,1.3418916463851929
40,30,0.5,0.0037236795760691166,0.59375,0.005978381726890802,1.605503797531128
40,31,0.5,0.0034522030036896467,0.96875,0.0046380809508264065,1.3435133695602417
43,0,0.05,0.0042926413007080555,1.0,0.004309856798499823,1.0040104389190674
43,1,0.05,0.008575301617383957,0.0,0.008601083420217037,1.0030065774917603
43,2,0.05,0.0052963607013225555,1.0,0.005350031424313784,1.0101333856582642
43,3,0.05,0.006562515627592802,1.0,0.006583008449524641,1.0031226873397827
43,4,0.05,0.0054284497164189816,1.0,0.005466714035719633,1.0070488452911377
43,5,0.05,0.005689084995537996,1.0,0.005724506452679634,1.0062261819839478
43,6,0.05,0.004378531593829393,1.0,0.004582226276397705,1.0465211868286133
43,7,0.05,0.004991153720766306,1.0,0.005032898858189583,1.0083638429641724
43,8,0.05,0.004600344691425562,1.0,0.0046346792951226234,1.0074634552001953
43,9,0.05,0.005762684158980846,1.0,0.005779208615422249,1.0028674602508545
43,10,0.05,0.004976825788617134,1.0,0.005044244229793549,1.0135465860366821
43,11,0.05,0.004974109586328268,1.0,0.005035251844674349,1.0122921466827393
43,12,0.05,0.006240495014935732,1.0,0.006247027311474085,1.0010467767715454
43,13,0.05,0.0056496430188417435,1.0,0.005665878299623728,1.0028736591339111
43,14,0.05,0.004094516392797232,1.0,0.004140845034271479,1.011314868927002
43,15,0.05,0.006254913285374641,1.0,0.006291180849075317,1.0057982206344604
43,16,0.05,0.0049188160337507725,1.0,0.00494070490822196,1.0044500827789307
43,17,0.05,0.005070604383945465,1.0,0.005107624921947718,1.0073009729385376
43,18,0.05,0.005882384721189737,1.0,0.005905387923121452,1.0039105415344238
43,19,0.05,0.0053268251940608025,1.0,0.005352210719138384,1.0047656297683716
43,20,0.05,0.0045472485944628716,1.0,0.004602121654897928,1.0120673179626465
43,21,0.05,0.0057782018557190895,1.0,0.0058068460784852505,1.0049571990966797
43,22,0.05,0.006743112578988075,1.0,0.006756414659321308,1.0019727945327759
43,23,0.05,0.004427615087479353,1.0,0.004450527019798756,1.0051748752593994
43,24,0.05,0.004829201847314835,1.0,0.00486378138884902,1.0071605443954468
43,25,0.05,0.0059840017929673195,1.0,0.006019040942192078,1.0058554410934448
43,26,0.05,0.00628241989761591,1.0,0.006321264896541834,1.0061830282211304
43,27,0.05,0.005383980926126242,1.0,0.005405777134001255,1.0040483474731445
43,28,0.05,0.005285164806991816,1.0,0.005329092498868704,1.0083115100860596
43,29,0.05,0.005308208987116814,1.0,0.0053296396508812904,1.0040371417999268
43,30,0.05,0.0031383608002215624,1.0,0.0031589381396770477,1.006556749343872
43,31,0.05,0.0046492815017700195,1.0,0.004679474048316479,1.0064939260482788
43,0,0.1,0.0042926413007080555,1.0,0.004362367559224367,1.0162432193756104
43,1,0.1,0.008575301617383957,0.0,0.008676275610923767,1.011775016784668
43,2,0.1,0.0052963607013225555,1.0,0.005492088850587606,1.0369552373886108
43,3,0.1,0.006562515627592802,1.0,0.006638060789555311,1.0115116834640503
43,4,0.1,0.0054284497164189816,0.96875,0.006428728811442852,1.1842660903930664
43,5,0.1,0.005689084995537996,1.0,0.0057936240918934345,1.0183753967285156
43,6,0.1,0.004378531593829393,0.90625,0.025013497099280357,5.712759017944336
43,7,0.1,0.004991153720766306,1.0,0.005132569465786219,1.028333306312561
43,8,0.1,0.004600344691425562,1.0,0.004752391017973423,1.0330510139465332
43,9,0.1,0.005762684158980846,1.0,0.005841274280101061,1.0136377811431885
43,10,0.1,0.004976825788617134,1.0,0.0052362545393407345,1.0521273612976074
43,11,0.1,0.004974109586328268,1.0,0.0051750196143984795,1.040390968322754
43,12,0.1,0.006240495014935732,1.0,0.006278477609157562,1.0060863494873047
43,13,0.1,0.0056496430188417435,1.0,0.005721393972635269,1.012700080871582
43,14,0.1,0.004094516392797232,1.0,0.004264275077730417,1.0414601564407349
43,15,0.1,0.006254913285374641,1.0,0.006405230611562729,1.0240318775177002
43,16,0.1,0.0049188160337507725,1.0,0.00500319991260767,1.0171552896499634
43,17,0.1,0.005070604383945465,1.0,0.005197429563850164,1.0250118970870972
43,18,0.1,0.005882384721189737,1.0,0.005971760954707861,1.0151939392089844
43,19,0.1,0.0053268251940608025,1.0,0.005410986952483654,1.015799641609192
43,20,0.1,0.0045472485944628716,1.0,0.004732486791908741,1.0407363176345825
43,21,0.1,0.0057782018557190895,1.0,0.005871160421520472,1.0160877704620361
43,22,0.1,0.006743112578988075,1.0,0.006795589812099934,1.0077823400497437
43,23,0.1,0.004427615087479353,1.0,0.004542814567685127,1.0260186195373535
43,24,0.1,0.004829201847314835,1.0,0.0049394527450203896,1.0228300094604492
43,25,0.1,0.0059840017929673195,1.0,0.0061033619567751884,1.0199464559555054
43,26,0.1,0.00628241989761591,1.0,0.006435428746044636,1.0243550539016724
43,27,0.1,0.005383980926126242,1.0,0.0054714432917535305,1.016244888305664
43,28,0.1,0.005285164806991816,1.0,0.005449497140944004,1.0310931205749512
43,29,0.1,0.005308208987116814,1.0,0.0053915707394480705,1.0157043933868408
43,30,0.1,0.0031383608002215624,1.0,0.003206609981134534,1.0217468738555908
43,31,0.1,0.0046492815017700195,1.0,0.004771292209625244,1.026242733001709
43,0,0.2,0.0042926413007080555,1.0,0.0045694573782384396,1.064486026763916
43,1,0.2,0.008575301617383957,0.0,0.009982658550143242,1.1641173362731934
43,2,0.2,0.0052963607013225555,0.90625,0.0059472378343343735,1.1228915452957153
43,3,0.2,0.006562515627592802,1.0,0.0068356990814208984,1.0416278839111328
43,4,0.2,0.0054284497164189816,0.84375,0.010284196585416794,1.8944998979568481
43,5,0.2,0.005689084995537996,1.0,0.006018833722919226,1.0579615831375122
43,6,0.2,0.004378531593829393,0.5625,0.024123525246977806,5.5095014572143555
43,7,0.2,0.004991153720766306,1.0,0.005545123014599085,1.110990285873413
43,8,0.2,0.004600344691425562,0.9375,0.005763913504779339,1.252930760383606
43,9,0.2,0.005762684158980846,1.0,0.006105995737016201,1.059574842453003
43,10,0.2,0.004976825788617134,0.9375,0.005834621377289295,1.1723579168319702
43,11,0.2,0.004974109586328268,0.90625,0.005941176321357489,1.1944199800491333
43,12,0.2,0.006240495014935732,1.0,0.006418564822524786,1.0285345315933228
43,13,0.2,0.0056496430188417435,1.0,0.005966127384454012,1.0560184717178345
43,14,0.2,0.004094516392797232,1.0,0.0047082300297915936,1.1498868465423584
43,15,0.2,0.006254913285374641,0.9375,0.006811488885432482,1.0889822244644165
43,16,0.2,0.0049188160337507725,1.0,0.005233943462371826,1.06406569480896
43,17,0.2,0.005070604383945465,1.0,0.005457396153360605,1.0762813091278076
43,18,0.2,0.005882384721189737,1.0,0.00622045062482357,1.0574707984924316
43,19,0.2,0.0053268251940608025,1.0,0.0056091183796525,1.0529946088790894
43,20,0.2,0.0045472485944628716,1.0,0.0051702456548810005,1.1370052099227905
43,21,0.2,0.0057782018557190895,1.0,0.006087696645408869,1.0535624027252197
43,22,0.2,0.006743112578988075,1.0,0.0069412789307534695,1.0293879508972168
43,23,0.2,0.004427615087479353,0.84375,0.005972027312964201,1.3488136529922485
43,24,0.2,0.004829201847314835,1.0,0.005200858227908611,1.0769602060317993
43,25,0.2,0.0059840017929673195,0.96875,0.006419873330742121,1.0728394985198975
43,26,0.2,0.00628241989761591,0.875,0.006902593653649092,1.0987157821655273
43,27,0.2,0.005383980926126242,1.0,0.005763814318925142,1.0705487728118896
43,28,0.2,0.005285164806991816,1.0,0.005934713874012232,1.1229004859924316
43,29,0.2,0.005308208987116814,1.0,0.005683688446879387,1.0707354545593262
43,30,0.2,0.0031383608002215624,1.0,0.003382454626262188,1.077777624130249
43,31,0.2,0.0046492815017700195,1.0,0.00511236023157835,1.0996023416519165
43,0,0.5,0.0042926413007080555,0.875,0.006047690752893686,1.4088506698608398
43,1,0.5,0.008575301617383957,0.0,0.013262434862554073,1.546585202217102
43,2,0.5,0.0052963607013225555,0.5625,0.007460002321749926,1.4085147380828857
43,3,0.5,0.006562515627592802,0.34375,0.007898496463894844,1.2035773992538452
43,4,0.5,0.0054284497164189816,0.5,0.010926161892712116,2.012759208679199
43,5,0.5,0.005689084995537996,0.71875,0.007106358651071787,1.2491216659545898
43,6,0.5,0.004378531593829393,0.46875,0.009063253179192543,2.069929838180542
43,7,0.5,0.004991153720766306,0.6875,0.010139279067516327,2.031449794769287
43,8,0.5,0.004600344691425562,0.78125,0.007330009248107672,1.5933609008789062
43,9,0.5,0.005762684158980846,0.46875,0.008621659129858017,1.496118426322937
43,10,0.5,0.004976825788617134,0.53125,0.007643647957593203,1.5358479022979736
43,11,0.5,0.004974109586328268,0.71875,0.009050277993083,1.8194769620895386
43,12,0.5,0.006240495014935732,0.65625,0.007454499136656523,1.1945364475250244
43,13,0.5,0.0056496430188417435,0.625,0.007847212255001068,1.388974905014038
43,14,0.5,0.004094516392797232,0.875,0.006779868621379137,1.6558409929275513
43,15,0.5,0.006254913285374641,0.1875,0.008509618230164051,1.3604694604873657
43,16,0.5,0.0049188160337507725,0.9375,0.0064284647814929485,1.306912899017334
43,17,0.5,0.005070604383945465,0.84375,0.00693576131016016,1.3678370714187622
43,18,0.5,0.005882384721189737,0.59375,0.007842734456062317,1.3332575559616089
43,19,0.5,0.0053268251940608025,0.71875,0.0072729806415736675,1.3653502464294434
43,20,0.5,0.0045472485944628716,0.6875,0.006821380462497473,1.50011146068573
43,21,0.5,0.0057782018557190895,0.78125,0.0072710346430540085,1.2583558559417725
43,22,0.5,0.006743112578988075,0.34375,0.00797390565276146,1.182525873184204
43,23,0.5,0.004427615087479353,0.71875,0.007625428959727287,1.722242832183838
43,24,0.5,0.004829201847314835,0.875,0.006656796205788851,1.378446340560913
43,25,0.5,0.0059840017929673195,0.40625,0.008308329619467258,1.3884235620498657
43,26,0.5,0.00628241989761591,0.15625,0.008759409189224243,1.3942731618881226
43,27,0.5,0.005383980926126242,0.59375,0.007570338435471058,1.4060856103897095
43,28,0.5,0.005285164806991816,0.46875,0.007799861952662468,1.4758028984069824
43,29,0.5,0.005308208987116814,0.53125,0.007864711806178093,1.481613039970398
43,30,0.5,0.0031383608002215624,0.90625,0.0051502506248652935,1.6410638093948364
43,31,0.5,0.0046492815017700195,0.6875,0.007120152935385704,1.5314521789550781
69,0,0.05,0.002472978550940752,1.0,0.0024881591089069843,1.0061386823654175
69,1,0.05,0.002461726777255535,1.0,0.002491621533408761,1.012143850326538
69,2,0.05,0.00264816009439528,1.0,0.002660563448444009,1.0046837329864502
69,3,0.05,0.0018015707610175014,1.0,0.001863644109107554,1.0344550609588623
69,4,0.05,0.0022821533493697643,1.0,0.0022991448640823364,1.0074453353881836
69,5,0.05,0.00245645665563643,1.0,0.0024864093866199255,1.0121934413909912
69,6,0.05,0.0022974868770688772,1.0,0.002306370995938778,1.0038669109344482
69,7,0.05,0.002538819797337055,1.0,0.0025453786365687847,1.0025832653045654
69,8,0.05,0.001840562210418284,1.0,0.0018616763409227133,1.0114715099334717
69,9,0.05,0.0031015293207019567,1.0,0.003114339429885149,1.0041301250457764
69,10,0.05,0.0022459193132817745,0.9375,0.0035026762634515762,1.5595732927322388
69,11,0.05,0.0023097326047718525,1.0,0.0023291537072509527,1.0084084272384644
69,12,0.05,0.002504426520317793,1.0,0.0025178189389407635,1.005347490310669
69,13,0.05,0.002308407099917531,1.0,0.002317407401278615,1.0038989782333374
69,14,0.05,0.0032064940314739943,1.0,0.0032278504222631454,1.0066603422164917
69,15,0.05,0.0023560787085443735,1.0,0.0023688829969614744,1.0054346323013306
69,16,0.05,0.0030124024488031864,1.0,0.0030396580696105957,1.0090477466583252
69,17,0.05,0.0030758576467633247,1.0,0.0030874896328896284,1.0037816762924194
69,18,0.05,0.002335540484637022,1.0,0.002345686312764883,1.00434410572052
69,19,0.05,0.0030059281270951033,1.0,0.0030313509050756693,1.0084575414657593
69,20,0.05,0.0030576058197766542,1.0,0.003067780751734972,1.00332772731781
69,21,0.05,0.002306130947545171,0.90625,0.0173496063798666,7.523252964019775
69,22,0.05,0.0036857635714113712,0.0,0.0037710261531174183,1.0231329202651978
69,23,0.05,0.002879021456465125,0.84375,0.009352286346256733,3.248425006866455
69,24,0.05,0.002683386905118823,1.0,0.0027010939083993435,1.006598711013794
69,25,0.05,0.002525565680116415,1.0,0.0025392312090843916,1.00541090965271
69,26,0.05,0.002745491685345769,1.0,0.0027587423101067543,1.0048264265060425
69,27,0.05,0.0022906765807420015,1.0,0.0023133293725550175,1.0098891258239746
69,28,0.05,0.0026976235676556826,0.9375,0.0030051758512854576,1.1140086650848389
69,29,0.05,0.0026308924425393343,1.0,0.002644915133714676,1.005330204963684
69,30,0.05,0.0030234563164412975,1.0,0.0030339639633893967,1.0034754276275635
69,31,0.05,0.0025498708710074425,0.96875,0.0026631029322743416,1.0444068908691406
69,0,0.1,0.002472978550940752,1.0,0.0025328334886580706,1.0242035388946533
69,1,0.1,0.002461726777255535,0.96875,0.0026366091333329678,1.0710405111312866
69,2,0.1,0.00264816009439528,1.0,0.0026962936390191317,1.0181763172149658
69,3,0.1,0.0018015707610175014,0.96875,0.0021244194358587265,1.1792042255401611
69,4,0.1,0.0022821533493697643,1.0,0.0023578968830406666,1.0331895351409912
69,5,0.1,0.00245645665563643,0.96875,0.00276352372020483,1.1250040531158447
69,6,0.1,0.0022974868770688772,1.0,0.00233806436881423,1.017661690711975
69,7,0.1,0.002538819797337055,1.0,0.002567517338320613,1.0113035440444946
69,8,0.1,0.001840562210418284,1.0,0.0019215007778257132,1.0439748764038086
69,9,0.1,0.0031015293207019567,1.0,0.003152781631797552,1.0165247917175293
69,10,0.1,0.0022459193132817745,0.71875,0.016694610938429832,7.433308124542236
69,11,0.1,0.0023097326047718525,1.0,0.0023860344663262367,1.0330348014831543
69,12,0.1,0.002504426520317793,1.0,0.0025533968582749367,1.019553542137146
69,13,0.1,0.002308407099917531,1.0,0.002349233953282237,1.017686128616333
69,14,0.1,0.0032064940314739943,1.0,0.00326736643910408,1.018984079360962
69,15,0.1,0.0023560787085443735,1.0,0.002409091219305992,1.0225002765655518
69,16,0.1,0.0030124024488031864,0.96875,0.0031644676346331835,1.0504796504974365
69,17,0.1,0.0030758576467633247,1.0,0.003131257835775614,1.0180113315582275
69,18,0.1,0.002335540484637022,1.0,0.0023853937163949013,1.0213454961776733
69,19,0.1,0.0030059281270951033,1.0,0.003073502564802766,1.0224803686141968
69,20,0.1,0.0030576058197766542,1.0,0.003097919747233391,1.0131847858428955
69,21,0.1,0.002306130947545171,0.84375,0.014086239971220493,6.108170032501221
69,22,0.1,0.0036857635714113712,0.0,0.0038153755012899637,1.035165548324585
69,23,0.1,0.002879021456465125,0.6875,0.02320905216038227,8.061436653137207
69,24,0.1,0.002683386905118823,1.0,0.0027496032416820526,1.0246764421463013
69,25,0.1,0.002525565680116415,1.0,0.0025777209084481,1.020650863647461
69,26,0.1,0.002745491685345769,1.0,0.002799243200570345,1.019577980041504
69,27,0.1,0.0022906765807420015,1.0,0.002368415240198374,1.0339369773864746
69,28,0.1,0.0026976235676556826,0.8125,0.0071239289827644825,2.6408166885375977
69,29,0.1,0.0026308924425393343,1.0,0.0026856984477490187,1.020831823348999
69,30,0.1,0.0030234563164412975,1.0,0.003056286834180355,1.0108585357666016
69,31,0.1,0.0025498708710074425,0.90625,0.005381102208048105,2.1103432178497314
69,0,0.2,0.002472978550940752,1.0,0.0027769345324486494,1.122910737991333
69,1,0.2,0.002461726777255535,0.71875,0.004928169772028923,2.001915693283081
69,2,0.2,0.00264816009439528,0.96875,0.0028850007802248,1.0894360542297363
69,3,0.2,0.0018015707610175014,0.78125,0.002979096258059144,1.6536104679107666
69,4,0.2,0.0022821533493697643,0.9375,0.002702833618968725,1.184334635734558
69,5,0.2,0.00245645665563643,0.625,0.006842480041086674,2.785507917404175
69,6,0.2,0.0022974868770688772,0.96875,0.0025546348188072443,1.111925721168518
69,7,0.2,0.002538819797337055,0.96875,0.002729529980570078,1.0751177072525024
69,8,0.2,0.001840562210418284,1.0,0.0021901752334088087,1.1899490356445312
69,9,0.2,0.0031015293207019567,0.9375,0.0033594658598303795,1.0831643342971802
69,10,0.2,0.0022459193132817745,0.53125,0.017137475311756134,7.630494117736816
69,11,0.2,0.0023097326047718525,0.90625,0.0030731288716197014,1.3305127620697021
69,12,0.2,0.002504426520317793,1.0,0.002696151612326503,1.076554536819458
69,13,0.2,0.002308407099917531,1.0,0.002510535065084696,1.0875616073608398
69,14,0.2,0.0032064940314739943,1.0,0.0034052226692438126,1.0619767904281616
69,15,0.2,0.0023560787085443735,0.96875,0.0026601161807775497,1.1290440559387207
69,16,0.2,0.0030124024488031864,0.6875,0.003785584354773164,1.2566661834716797
69,17,0.2,0.0030758576467633247,0.90625,0.0035105415154248476,1.1413211822509766
69,18,0.2,0.002335540484637022,1.0,0.0025824671611189842,1.1057257652282715
69,19,0.2,0.0030059281270951033,1.0,0.0032308262307196856,1.0748182535171509
69,20,0.2,0.0030576058197766542,0.9375,0.0032311081886291504,1.0567445755004883
69,21,0.2,0.002306130947545171,0.625,0.02539324015378952,11.011186599731445
69,22,0.2,0.0036857635714113712,0.0,0.004032258875668049,1.0940091609954834
69,23,0.2,0.002879021456465125,0.46875,0.07065646350383759,24.541831970214844
69,24,0.2,0.002683386905118823,0.9375,0.0030161866452544928,1.1240222454071045
69,25,0.2,0.002525565680116415,0.96875,0.0028124016243964434,1.1135729551315308
69,26,0.2,0.002745491685345769,0.9375,0.0030372533947229385,1.1062695980072021
69,27,0.2,0.0022906765807420015,0.96875,0.002583593362942338,1.1278735399246216
69,28,0.2,0.0026976235676556826,0.59375,0.00932385865598917,3.4563231468200684
69,29,0.2,0.0026308924425393343,0.96875,0.002922167768701911,1.1107134819030762
69,30,0.2,0.0030234563164412975,1.0,0.0031443629413843155,1.0399895906448364
69,31,0.2,0.0025498708710074425,0.84375,0.010837990790605545,4.250407695770264
69,0,0.5,0.002472978550940752,0.25,0.005676989443600178,2.2956080436706543
69,1,0.5,0.002461726777255535,0.1875,0.012899134308099747,5.239871978759766
69,2,0.5,0.00264816009439528,0.25,0.007179634179919958,2.7111783027648926
69,3,0.5,0.0018015707610175014,0.4375,0.005103914067149162,2.833035469055176
69,4,0.5,0.0022821533493697643,0.34375,0.027269134297966957,11.948862075805664
69,5,0.5,0.00245645665563643,0.09375,0.022498125210404396,9.158771514892578
69,6,0.5,0.0022974868770688772,0.625,0.004191998858004808,1.8246018886566162
69,7,0.5,0.002538819797337055,0.53125,0.009222066029906273,3.6324222087860107
69,8,0.5,0.001840562210418284,0.5,0.004081031773239374,2.2172746658325195
69,9,0.5,0.0031015293207019567,0.0,0.0045371283777058125,1.462868094444275
69,10,0.5,0.0022459193132817745,0.28125,0.01266324520111084,5.638335227966309
69,11,0.5,0.0023097326047718525,0.1875,0.014696170575916767,6.362715244293213
69,12,0.5,0.002504426520317793,0.46875,0.005243014544248581,2.093498945236206
69,13,0.5,0.002308407099917531,0.5,0.013563756830990314,5.875808238983154
69,14,0.5,0.0032064940314739943,0.0,0.004363011568784714,1.3606798648834229
69,15,0.5,0.0023560787085443735,0.34375,0.009512140415608883,4.037275791168213
69,16,0.5,0.0030124024488031864,0.09375,0.005521809682250023,1.8330254554748535
69,17,0.5,0.0030758576467633247,0.125,0.008166239596903324,2.654947280883789
69,18,0.5,0.002335540484637022,0.3125,0.004630850162357092,1.9827744960784912
69,19,0.5,0.0030059281270951033,0.1875,0.004849271383136511,1.6132359504699707
69,20,0.5,0.0030576058197766542,0.21875,0.004179820884019136,1.367024302482605
69,21,0.5,0.002306130947545171,0.34375,0.010704617947340012,4.641808032989502
69,22,0.5,0.0036857635714113712,0.0,0.0065347012132406235,1.7729572057724
69,23,0.5,0.002879021456465125,0.0625,0.0324346199631691,11.265850067138672
69,24,0.5,0.002683386905118823,0.3125,0.0049392059445381165,1.8406610488891602
69,25,0.5,0.002525565680116415,0.4375,0.012790213339030743,5.064296722412109
69,26,0.5,0.002745491685345769,0.3125,0.005532197654247284,2.0150113105773926
69,27,0.5,0.0022906765807420015,0.65625,0.0054938714019954205,2.398361921310425
69,28,0.5,0.0026976235676556826,0.1875,0.01133599691092968,4.202216625213623
69,29,0.5,0.0026308924425393343,0.40625,0.006891495082527399,2.6194512844085693
69,30,0.5,0.0030234563164412975,0.34375,0.003819915698841214,1.2634267807006836
69,31,0.5,0.0025498708710074425,0.375,0.010061525739729404,3.9458963871002197
16,0,0.05,0.007236237172037363,1.0,0.007640487514436245,1.055864691734314
16,1,0.05,0.005572703201323748,1.0,0.005980462767183781,1.0731709003448486
16,2,0.05,0.006808167323470116,0.96875,0.008431524969637394,1.2384425401687622
16,3,0.05,0.006765096448361874,1.0,0.00702319573611021,1.0381516218185425
16,4,0.05,0.006793111562728882,1.0,0.006964710541069508,1.0252608060836792
16,5,0.05,0.007438529282808304,0.78125,0.011023024097084999,1.481882095336914
16,6,0.05,0.007145663257688284,1.0,0.007255487143993378,1.0153692960739136
16,7,0.05,0.007718589622527361,1.0,0.007886705920100212,1.0217806100845337
16,8,0.05,0.006682303734123707,1.0,0.006804674863815308,1.018312692642212
16,9,0.05,0.008101212792098522,1.0,0.008274424821138382,1.02138090133667
16,10,0.05,0.0054207248613238335,1.0,0.005526239052414894,1.0194650888442993
16,11,0.05,0.006496809422969818,1.0,0.006733006797730923,1.03635573387146
16,12,0.05,0.0067964899353682995,1.0,0.007003753446042538,1.0304956436157227
16,13,0.05,0.006961541250348091,1.0,0.00706664752215147,1.015098214149475
16,14,0.05,0.004449827130883932,1.0,0.00458578672260046,1.0305540561676025
16,15,0.05,0.006115659140050411,1.0,0.006528668105602264,1.067533016204834
16,16,0.05,0.005592029541730881,1.0,0.0057228365913033485,1.023391604423523
16,17,0.05,0.00573311373591423,1.0,0.005778773222118616,1.0079641342163086
16,18,0.05,0.0044888961128890514,0.96875,0.006175336893647909,1.3756916522979736
16,19,0.05,0.007102548144757748,1.0,0.0071587697602808475,1.007915735244751
16,20,0.05,0.006642268504947424,0.90625,0.009005257859826088,1.355750322341919
16,21,0.05,0.0069120293483138084,1.0,0.007069847080856562,1.0228322744369507
16,22,0.05,0.009360487572848797,1.0,0.010397786274552345,1.1108167171478271
16,23,0.05,0.006262527778744698,1.0,0.0066838255152106285,1.0672729015350342
16,24,0.05,0.005196698475629091,0.96875,0.006559594068676233,1.2622618675231934
16,25,0.05,0.006503554061055183,1.0,0.006647983565926552,1.0222077369689941
16,26,0.05,0.006090235430747271,1.0,0.006265042815357447,1.028702735900879
16,27,0.05,0.005229846108704805,1.0,0.005379845853894949,1.0286815166473389
16,28,0.05,0.006128277629613876,1.0,0.006401791702955961,1.0446314811706543
16,29,0.05,0.007329938001930714,1.0,0.0073840003460645676,1.0073754787445068
16,30,0.05,0.007189147174358368,1.0,0.0072525376453995705,1.008817434310913
16,31,0.05,0.009146519936621189,1.0,0.009593670256435871,1.0488874912261963
16,0,0.1,0.007236237172037363,1.0,0.007970735430717468,1.1015030145645142
16,1,0.1,0.005572703201323748,0.84375,0.008227064274251461,1.4763147830963135
16,2,0.1,0.006808167323470116,0.65625,0.011588141322135925,1.7020939588546753
16,3,0.1,0.006765096448361874,1.0,0.007668741047382355,1.1335744857788086
16,4,0.1,0.006793111562728882,1.0,0.007592137902975082,1.1176230907440186
16,5,0.1,0.007438529282808304,0.46875,0.014941489323973656,2.0086615085601807
16,6,0.1,0.007145663257688284,1.0,0.007558243814855814,1.0577385425567627
16,7,0.1,0.007718589622527361,1.0,0.00833906326442957,1.0803868770599365
16,8,0.1,0.006682303734123707,1.0,0.007019242271780968,1.0504224300384521
16,9,0.1,0.008101212792098522,1.0,0.008796636015176773,1.0858418941497803
16,10,0.1,0.0054207248613238335,1.0,0.00590015621855855,1.0884442329406738
16,11,0.1,0.006496809422969818,1.0,0.007269333582371473,1.118908166885376
16,12,0.1,0.0067964899353682995,1.0,0.007614700123667717,1.120387077331543
16,13,0.1,0.006961541250348091,1.0,0.007375413551926613,1.0594512224197388
16,14,0.1,0.004449827130883932,1.0,0.005028211511671543,1.129979133605957
16,15,0.1,0.006115659140050411,0.96875,0.008126093074679375,1.3287353515625
16,16,0.1,0.005592029541730881,1.0,0.006167869549244642,1.1029751300811768
16,17,0.1,0.00573311373591423,1.0,0.005911531392484903,1.0311205387115479
16,18,0.1,0.0044888961128890514,0.78125,0.012958336621522903,2.886753559112549
16,19,0.1,0.007102548144757748,1.0,0.007421843241900206,1.0449550151824951
16,20,0.1,0.006642268504947424,0.53125,0.014356952160596848,2.1614532470703125
16,21,0.1,0.0069120293483138084,1.0,0.00750535586848855,1.0858397483825684
16,22,0.1,0.009360487572848797,0.875,0.011633314192295074,1.242810606956482
16,23,0.1,0.006262527778744698,1.0,0.008045315742492676,1.2846755981445312
16,24,0.1,0.005196698475629091,0.84375,0.009019452147185802,1.7356120347976685
16,25,0.1,0.006503554061055183,1.0,0.007023973390460014,1.080020785331726
16,26,0.1,0.006090235430747271,1.0,0.006848951335996389,1.1245791912078857
16,27,0.1,0.005229846108704805,1.0,0.005743463058024645,1.0982087850570679
16,28,0.1,0.006128277629613876,0.96875,0.0076635656878352165,1.2505252361297607
16,29,0.1,0.007329938001930714,1.0,0.007556128315627575,1.0308583974838257
16,30,0.1,0.007189147174358368,1.0,0.00739796319976449,1.0290459394454956
16,31,0.1,0.009146519936621189,1.0,0.01035407092422247,1.1320230960845947
16,0,0.2,0.007236237172037363,1.0,0.008727695792913437,1.2061097621917725
16,1,0.2,0.005572703201323748,0.65625,0.012559138238430023,2.2536885738372803
16,2,0.2,0.006808167323470116,0.46875,0.01606246456503868,2.3592934608459473
16,3,0.2,0.006765096448361874,0.90625,0.009703089483082294,1.4342870712280273
16,4,0.2,0.006793111562728882,0.9375,0.009332952089607716,1.373884916305542
16,5,0.2,0.007438529282808304,0.3125,0.01836620829999447,2.469064474105835
16,6,0.2,0.007145663257688284,1.0,0.00853731855750084,1.19475519657135
16,7,0.2,0.007718589622527361,0.90625,0.009775699116289616,1.266513705253601
16,8,0.2,0.006682303734123707,1.0,0.007777244783937931,1.1638567447662354
16,9,0.2,0.008101212792098522,1.0,0.010320421308279037,1.2739351987838745
16,10,0.2,0.0054207248613238335,1.0,0.007111034356057644,1.3118234872817993
16,11,0.2,0.006496809422969818,1.0,0.008615716360509396,1.3261457681655884
16,12,0.2,0.0067964899353682995,1.0,0.008628802374005318,1.2695969343185425
16,13,0.2,0.006961541250348091,0.96875,0.008431801572442055,1.2111974954605103
16,14,0.2,0.004449827130883932,0.96875,0.0070565491914749146,1.5858031511306763
16,15,0.2,0.006115659140050411,0.59375,0.014600616879761219,2.3874149322509766
16,16,0.2,0.005592029541730881,1.0,0.007645346224308014,1.3671863079071045
16,17,0.2,0.00573311373591423,1.0,0.006568683311343193,1.1457444429397583
16,18,0.2,0.0044888961128890514,0.625,0.0222171638160944,4.949359893798828
16,19,0.2,0.007102548144757748,0.9375,0.009505616500973701,1.338338851928711
16,20,0.2,0.006642268504947424,0.125,0.019671812653541565,2.9616103172302246
16,21,0.2,0.0069120293483138084,1.0,0.008549707941710949,1.236931562423706
16,22,0.2,0.009360487572848797,0.5625,0.012958800420165062,1.3844151496887207
16,23,0.2,0.006262527778744698,0.8125,0.011047874577343464,1.7641236782073975
16,24,0.2,0.005196698475629091,0.625,0.01441919058561325,2.7746827602386475
16,25,0.2,0.006503554061055183,1.0,0.008088824339210987,1.2437543869018555
16,26,0.2,0.006090235430747271,0.875,0.009048248641192913,1.4856975078582764
16,27,0.2,0.005229846108704805,1.0,0.006839633919298649,1.3078079223632812
16,28,0.2,0.006128277629613876,0.59375,0.012258325703442097,2.000288963317871
16,29,0.2,0.007329938001930714,1.0,0.008368759416043758,1.1417231559753418
16,30,0.2,0.007189147174358368,1.0,0.007819563150405884,1.087689995765686
16,31,0.2,0.009146519936621189,0.75,0.014260679483413696,1.559137225151062
16,0,0.5,0.007236237172037363,0.25,0.01960761845111847,2.7096433639526367
16,1,0.5,0.005572703201323748,0.125,0.02299385704100132,4.126158237457275
16,2,0.5,0.006808167323470116,0.03125,0.022145656868815422,3.2528076171875
16,3,0.5,0.006765096448361874,0.375,0.01672394946217537,2.472093343734741
16,4,0.5,0.006793111562728882,0.5,0.013218509033322334,1.9458695650100708
16,5,0.5,0.007438529282808304,0.21875,0.020192686468362808,2.7146072387695312
16,6,0.5,0.007145663257688284,0.59375,0.012767411768436432,1.786736011505127
16,7,0.5,0.007718589622527361,0.4375,0.01379614882171154,1.7873923778533936
16,8,0.5,0.006682303734123707,0.875,0.010940823704004288,1.6372830867767334
16,9,0.5,0.008101212792098522,0.4375,0.014671029523015022,1.8109670877456665
16,10,0.5,0.0054207248613238335,0.65625,0.01182747446000576,2.181899070739746
16,11,0.5,0.006496809422969818,0.53125,0.013446901924908161,2.069769859313965
16,12,0.5,0.0067964899353682995,0.6875,0.012413302436470985,1.8264284133911133
16,13,0.5,0.006961541250348091,0.53125,0.01361449621617794,1.9556728601455688
16,14,0.5,0.004449827130883932,0.34375,0.01749558001756668,3.931743621826172
16,15,0.5,0.006115659140050411,0.25,0.021139316260814667,3.4565885066986084
16,16,0.5,0.005592029541730881,0.65625,0.013120794668793678,2.3463387489318848
16,17,0.5,0.00573311373591423,0.6875,0.012452328577637672,2.1720006465911865
16,18,0.5,0.0044888961128890514,0.28125,0.0305941104888916,6.8155083656311035
16,19,0.5,0.007102548144757748,0.5,0.01712295599281788,2.410818576812744
16,20,0.5,0.006642268504947424,0.1875,0.022573795169591904,3.398507595062256
16,21,0.5,0.0069120293483138084,0.78125,0.011739222332835197,1.6983755826950073
16,22,0.5,0.009360487572848797,0.125,0.015095941722393036,1.6127302646636963
16,23,0.5,0.006262527778744698,0.1875,0.016895517706871033,2.6978750228881836
16,24,0.5,0.005196698475629091,0.15625,0.03077055886387825,5.921175003051758
16,25,0.5,0.006503554061055183,0.84375,0.011845988221466541,1.8214638233184814
16,26,0.5,0.006090235430747271,0.28125,0.018232418224215508,2.99371337890625
16,27,0.5,0.005229846108704805,0.8125,0.010772795416414738,2.059868574142456
16,28,0.5,0.006128277629613876,0.25,0.020563200116157532,3.355461597442627
16,29,0.5,0.007329938001930714,0.6875,0.011956372298300266,1.6311696767807007
16,30,0.5,0.007189147174358368,0.5625,0.014324013143777847,1.9924495220184326
16,31,0.5,0.009146519936621189,0.125,0.026026463136076927,2.8455042839050293
35,0,0.05,0.002807648852467537,1.0,0.0028156188782304525,1.0028387308120728
35,1,0.05,0.0027545129414647818,1.0,0.0027760483790189028,1.0078182220458984
35,2,0.05,0.002959461649879813,1.0,0.0029683138709515333,1.0029911994934082
35,3,0.05,0.0030075639951974154,1.0,0.0030212593264877796,1.0045536756515503
35,4,0.05,0.0035999780520796776,1.0,0.0036072058137506247,1.0020077228546143
35,5,0.05,0.002618984319269657,0.84375,0.005634842906147242,2.1515374183654785
35,6,0.05,0.0030794343911111355,1.0,0.0030913089867681265,1.0038560628890991
35,7,0.05,0.0037190609145909548,1.0,0.0037268884479999542,1.0021047592163086
35,8,0.05,0.0028027156367897987,1.0,0.0028216037899255753,1.0067391395568848
35,9,0.05,0.0034298673272132874,1.0,0.0034857080318033695,1.0162808895111084
35,10,0.05,0.0028256450314074755,1.0,0.002833639970049262,1.0028294324874878
35,11,0.05,0.003031601430848241,1.0,0.0030407337471842766,1.0030122995376587
35,12,0.05,0.002704750979319215,1.0,0.002716976450756192,1.0045199394226074
35,13,0.05,0.0035805858206003904,1.0,0.0035892289597541094,1.0024139881134033
35,14,0.05,0.002930429996922612,1.0,0.002948945388197899,1.0063183307647705
35,15,0.05,0.002923036692664027,1.0,0.0029504625126719475,1.009382724761963
35,16,0.05,0.0036353629548102617,1.0,0.003645524149760604,1.0027951002120972
35,17,0.05,0.0032723417971283197,1.0,0.0032814503647387028,1.0027835369110107
35,18,0.05,0.0034855583216995,1.0,0.0034962869249284267,1.0030779838562012
35,19,0.05,0.0027523452881723642,1.0,0.0027822470292448997,1.010864019393921
35,20,0.05,0.003645799122750759,1.0,0.003653552383184433,1.0021265745162964
35,21,0.05,0.003087925026193261,1.0,0.003098796121776104,1.0035204887390137
35,22,0.05,0.003322564996778965,1.0,0.0033336880151182413,1.0033477544784546
35,23,0.05,0.0033902982249855995,1.0,0.003533724695444107,1.0423051118850708
35,24,0.05,0.0031451452523469925,1.0,0.0031548715196549892,1.0030924081802368
35,25,0.05,0.002635716460645199,1.0,0.0026746345683932304,1.0147656202316284
35,26,0.05,0.0031667810399085283,1.0,0.003172190161421895,1.0017080307006836
35,27,0.05,0.0027166022919118404,1.0,0.002722296165302396,1.0020959377288818
35,28,0.05,0.003648841055110097,1.0,0.003659763839095831,1.0029934644699097
35,29,0.05,0.002709759632125497,1.0,0.0027222854550927877,1.004622459411621
35,30,0.05,0.00358783733099699,1.0,0.0035994802601635456,1.0032451152801514
35,31,0.05,0.0029977508820593357,1.0,0.003007273655384779,1.0031765699386597
35,0,0.1,0.002807648852467537,1.0,0.0028356779366731644,1.0099830627441406
35,1,0.1,0.0027545129414647818,0.9375,0.0038102862890809774,1.3832887411117554
35,2,0.1,0.002959461649879813,1.0,0.002992563880980015,1.0111851692199707
35,3,0.1,0.0030075639951974154,1.0,0.0030558682046830654,1.0160608291625977
35,4,0.1,0.0035999780520796776,1.0,0.0036274604499340057,1.007633924484253
35,5,0.1,0.002618984319269657,0.71875,0.021598534658551216,8.246912002563477
35,6,0.1,0.0030794343911111355,1.0,0.003123754868283868,1.014392375946045
35,7,0.1,0.0037190609145909548,1.0,0.0037507996894419193,1.0085341930389404
35,8,0.1,0.0028027156367897987,1.0,0.002868196927011013,1.023363471031189
35,9,0.1,0.0034298673272132874,0.875,0.006971175316721201,2.0324912071228027
35,10,0.1,0.0028256450314074755,1.0,0.0028554541058838367,1.0105494260787964
35,11,0.1,0.003031601430848241,1.0,0.0030693088192492723,1.0124380588531494
35,12,0.1,0.002704750979319215,1.0,0.0027793541084975004,1.0275822877883911
35,13,0.1,0.0035805858206003904,1.0,0.003615687135607004,1.009803295135498
35,14,0.1,0.002930429996922612,0.96875,0.0032979182433336973,1.1254042387008667
35,15,0.1,0.002923036692664027,1.0,0.0030189852695912123,1.032824993133545
35,16,0.1,0.0036353629548102617,1.0,0.003678177250549197,1.0117771625518799
35,17,0.1,0.0032723417971283197,1.0,0.003308563958853483,1.0110690593719482
35,18,0.1,0.0034855583216995,1.0,0.003523161867633462,1.0107884407043457
35,19,0.1,0.0027523452881723642,1.0,0.0030203096102923155,1.0973584651947021
35,20,0.1,0.003645799122750759,1.0,0.0036766217090189457,1.008454442024231
35,21,0.1,0.003087925026193261,1.0,0.003126169554889202,1.0123852491378784
35,22,0.1,0.003322564996778965,1.0,0.003368046600371599,1.0136886835098267
35,23,0.1,0.0033902982249855995,0.78125,0.02621857449412346,7.733412265777588
35,24,0.1,0.0031451452523469925,1.0,0.0031892803963273764,1.0140328407287598
35,25,0.1,0.002635716460645199,1.0,0.002822843613103032,1.070996642112732
35,26,0.1,0.0031667810399085283,1.0,0.0032032423187047243,1.0115137100219727
35,27,0.1,0.0027166022919118404,1.0,0.002738641109317541,1.0081125497817993
35,28,0.1,0.003648841055110097,1.0,0.0037068005185574293,1.0158843994140625
35,29,0.1,0.002709759632125497,1.0,0.0027560514863580465,1.0170834064483643
35,30,0.1,0.00358783733099699,1.0,0.00364029873162508,1.0146220922470093
35,31,0.1,0.0029977508820593357,1.0,0.0030356203205883503,1.0126324892044067
35,0,0.2,0.002807648852467537,1.0,0.002938556019216776,1.0466251373291016
35,1,0.2,0.0027545129414647818,0.6875,0.012543994933366776,4.553979396820068
35,2,0.2,0.002959461649879813,1.0,0.0031035810243338346,1.048697829246521
35,3,0.2,0.0030075639951974154,1.0,0.003259834600612521,1.083878755569458
35,4,0.2,0.0035999780520796776,1.0,0.00371327786706388,1.0314723253250122
35,5,0.2,0.002618984319269657,0.34375,0.0535840280354023,20.45985221862793
35,6,0.2,0.0030794343911111355,1.0,0.0032496480271220207,1.0552743673324585
35,7,0.2,0.0037190609145909548,1.0,0.003846942214295268,1.034385323524475
35,8,0.2,0.0028027156367897987,1.0,0.003034676657989621,1.0827629566192627
35,9,0.2,0.0034298673272132874,0.6875,0.02038593962788582,5.943653106689453
35,10,0.2,0.0028256450314074755,1.0,0.0029284493066370487,1.0363824367523193
35,11,0.2,0.003031601430848241,1.0,0.0031852899119257927,1.0506954193115234
35,12,0.2,0.002704750979319215,0.9375,0.004765500780194998,1.7619001865386963
35,13,0.2,0.0035805858206003904,1.0,0.003729613032191992,1.0416208505630493
35,14,0.2,0.002930429996922612,0.875,0.00997581984847784,3.40421724319458
35,15,0.2,0.002923036692664027,1.0,0.0032284772023558617,1.1044940948486328
35,16,0.2,0.0036353629548102617,1.0,0.0038461072836071253,1.057970643043518
35,17,0.2,0.0032723417971283197,1.0,0.0034998103510588408,1.0695124864578247
35,18,0.2,0.0034855583216995,1.0,0.0036150156520307064,1.0371410846710205
35,19,0.2,0.0027523452881723642,0.875,0.007001405581831932,2.5437960624694824
35,20,0.2,0.003645799122750759,1.0,0.0037708571180701256,1.034301996231079
35,21,0.2,0.003087925026193261,1.0,0.0032277656719088554,1.0452861785888672
35,22,0.2,0.003322564996778965,0.96875,0.007233033422380686,2.1769425868988037
35,23,0.2,0.0033902982249855995,0.5625,0.07223635166883469,21.30678367614746
35,24,0.2,0.0031451452523469925,1.0,0.0033950579818338156,1.0794597864151
35,25,0.2,0.002635716460645199,1.0,0.003328864462673664,1.2629828453063965
35,26,0.2,0.0031667810399085283,1.0,0.003472819458693266,1.0966401100158691
35,27,0.2,0.0027166022919118404,1.0,0.0028016921132802963,1.0313221216201782
35,28,0.2,0.003648841055110097,1.0,0.00395183777436614,1.0830391645431519
35,29,0.2,0.002709759632125497,1.0,0.0029436619952321053,1.0863184928894043
35,30,0.2,0.00358783733099699,0.96875,0.004051127005368471,1.1291277408599854
35,31,0.2,0.0029977508820593357,1.0,0.0031486961524933577,1.0503528118133545
35,0,0.5,0.002807648852467537,0.875,0.005556018091738224,1.9788864850997925
35,1,0.5,0.0027545129414647818,0.5625,0.02721072919666767,9.878599166870117
35,2,0.5,0.002959461649879813,0.8125,0.006738258525729179,2.27685284614563
35,3,0.5,0.0030075639951974154,0.90625,0.008828342892229557,2.935379981994629
35,4,0.5,0.0035999780520796776,0.96875,0.0045305341482162476,1.2584893703460693
35,5,0.5,0.002618984319269657,0.21875,0.051234062761068344,19.56256866455078
35,6,0.5,0.0030794343911111355,1.0,0.00416619423776865,1.3529090881347656
35,7,0.5,0.0037190609145909548,0.9375,0.009630619548261166,2.5895299911499023
35,8,0.5,0.0028027156367897987,0.875,0.006589681375771761,2.351177215576172
35,9,0.5,0.0034298673272132874,0.5625,0.021901225671172142,6.385444164276123
35,10,0.5,0.0028256450314074755,0.90625,0.00503294775262475,1.78116774559021
35,11,0.5,0.003031601430848241,0.9375,0.004476817324757576,1.4767168760299683
35,12,0.5,0.002704750979319215,0.625,0.015962164849042892,5.901528358459473
35,13,0.5,0.0035805858206003904,0.53125,0.030083436518907547,8.401819229125977
35,14,0.5,0.002930429996922612,0.6875,0.025972791016101837,8.863133430480957
35,15,0.5,0.002923036692664027,0.96875,0.0042791166342794895,1.4639285802841187
35,16,0.5,0.0036353629548102617,0.84375,0.005132394842803478,1.411797046661377
35,17,0.5,0.0032723417971283197,0.90625,0.007684160955250263,2.348214626312256
35,18,0.5,0.0034855583216995,0.84375,0.011286034248769283,3.237941265106201
35,19,0.5,0.0027523452881723642,0.71875,0.013368421234190464,4.857102394104004
35,20,0.5,0.003645799122750759,1.0,0.0045175133273005486,1.2391010522842407
35,21,0.5,0.003087925026193261,1.0,0.003867771476507187,1.252547025680542
35,22,0.5,0.003322564996778965,0.84375,0.006476188078522682,1.9491530656814575
35,23,0.5,0.0033902982249855995,0.34375,0.041655346751213074,12.286632537841797
35,24,0.5,0.0031451452523469925,0.8125,0.010697508230805397,3.4012765884399414
35,25,0.5,0.002635716460645199,0.71875,0.006801554001867771,2.580533266067505
35,26,0.5,0.0031667810399085283,0.8125,0.005288074258714914,1.6698577404022217
35,27,0.5,0.0027166022919118404,1.0,0.0032465581316500902,1.195080280303955
35,28,0.5,0.003648841055110097,0.96875,0.005069019738584757,1.3892136812210083
35,29,0.5,0.002709759632125497,0.875,0.008880793116986752,3.2773361206054688
35,30,0.5,0.00358783733099699,0.84375,0.0055493577383458614,1.5467138290405273
35,31,0.5,0.0029977508820593357,0.9375,0.004452056251466274,1.4851322174072266
76,0,0.05,0.0028371275402605534,1.0,0.002847683150321245,1.0037205219268799
76,1,0.05,0.002587819704785943,1.0,0.0025964740198105574,1.003344178199768
76,2,0.05,0.0028104507364332676,1.0,0.0028189336881041527,1.0030183792114258
76,3,0.05,0.006347941234707832,1.0,0.0063674720004200935,1.0030767917633057
76,4,0.05,0.002586809918284416,1.0,0.00259638880379498,1.003702998161316
76,5,0.05,0.0030978925060480833,1.0,0.003105867188423872,1.0025742053985596
76,6,0.05,0.0029858825728297234,1.0,0.002989810658618808,1.0013154745101929
76,7,0.05,0.0027137710712850094,1.0,0.002718741074204445,1.0018316507339478
76,8,0.05,0.002997803734615445,1.0,0.0030033141374588013,1.0018380880355835
76,9,0.05,0.003773630829527974,1.0,0.0037907720543444157,1.004542350769043
76,10,0.05,0.0028622832614928484,1.0,0.002874898025766015,1.004407286643982
76,11,0.05,0.002487377030774951,1.0,0.002567740622907877,1.032308578491211
76,12,0.05,0.0026846423279494047,1.0,0.0026910456363111734,1.0023852586746216
76,13,0.05,0.0025227651931345463,1.0,0.002529788762331009,1.002784013748169
76,14,0.05,0.0029023734387010336,1.0,0.0029188343323767185,1.005671501159668
76,15,0.05,0.002832693513482809,1.0,0.002840375527739525,1.0027120113372803
76,16,0.05,0.0023223930038511753,0.96875,0.0031032180413603783,1.3362157344818115
76,17,0.05,0.0028353079687803984,1.0,0.0028449436649680138,1.0033985376358032
76,18,0.05,0.0027067603077739477,1.0,0.002716342220082879,1.0035399198532104
76,19,0.05,0.0023763126228004694,1.0,0.0023799848277121782,1.0015453100204468
76,20,0.05,0.0026558018289506435,1.0,0.002662704326212406,1.0025991201400757
76,21,0.05,0.0025682239793241024,1.0,0.002576070372015238,1.0030550956726074
76,22,0.05,0.0030328615102916956,1.0,0.00306110642850399,1.0093131065368652
76,23,0.05,0.002357186982408166,0.96875,0.003929443657398224,1.6670054197311401
76,24,0.05,0.0027514523826539516,1.0,0.002787561621516943,1.0131237506866455
76,25,0.05,0.005791306030005217,1.0,0.00581803685054183,1.0046156644821167
76,26,0.05,0.002568800002336502,1.0,0.002579832449555397,1.004294753074646
76,27,0.05,0.002767034573480487,1.0,0.0027790251187980175,1.004333257675171
76,28,0.05,0.0027503990568220615,1.0,0.002762487856671214,1.0043952465057373
76,29,0.05,0.0037097488529980183,1.0,0.0037230276502668858,1.0035794973373413
76,30,0.05,0.0026416797190904617,1.0,0.0026526155415922403,1.0041396617889404
76,31,0.05,0.002531981561332941,1.0,0.0025411639362573624,1.0036267042160034
76,0,0.1,0.0028371275402605534,1.0,0.0028788158670067787,1.0146938562393188
76,1,0.1,0.002587819704785943,1.0,0.0026275066193193197,1.015336036682129
76,2,0.1,0.0028104507364332676,1.0,0.0028411070816218853,1.0109078884124756
76,3,0.1,0.006347941234707832,1.0,0.0064305891282856464,1.0130196809768677
76,4,0.1,0.002586809918284416,1.0,0.002623690525069833,1.0142571926116943
76,5,0.1,0.0030978925060480833,1.0,0.003125624731183052,1.0089519023895264
76,6,0.1,0.0029858825728297234,1.0,0.0030074180103838444,1.007212519645691
76,7,0.1,0.0027137710712850094,1.0,0.0027338324580341578,1.007392406463623
76,8,0.1,0.002997803734615445,1.0,0.0030267564579844475,1.0096579790115356
76,9,0.1,0.003773630829527974,1.0,0.003949579782783985,1.0466259717941284
76,10,0.1,0.0028622832614928484,1.0,0.002911413088440895,1.0171645879745483
76,11,0.1,0.002487377030774951,0.875,0.012500911019742489,5.025739669799805
76,12,0.1,0.0026846423279494047,1.0,0.002717049326747656,1.0120712518692017
76,13,0.1,0.0025227651931345463,1.0,0.0025469467509537935,1.0095853805541992
76,14,0.1,0.0029023734387010336,1.0,0.003073760773986578,1.0590507984161377
76,15,0.1,0.002832693513482809,1.0,0.0028640879318118095,1.0110828876495361
76,16,0.1,0.0023223930038511753,0.875,0.014474855735898018,6.23273229598999
76,17,0.1,0.0028353079687803984,1.0,0.002888070186600089,1.0186089277267456
76,18,0.1,0.0027067603077739477,1.0,0.0027421563863754272,1.0130770206451416
76,19,0.1,0.0023763126228004694,1.0,0.0023946829605847597,1.0077306032180786
76,20,0.1,0.0026558018289506435,1.0,0.002681440208107233,1.0096536874771118
76,21,0.1,0.0025682239793241024,1.0,0.0025978973135352135,1.0115540027618408
76,22,0.1,0.0030328615102916956,1.0,0.003213202580809593,1.0594624280929565
76,23,0.1,0.002357186982408166,0.875,0.018603060394525528,7.892060279846191
76,24,0.1,0.0027514523826539516,0.90625,0.023532507941126823,8.55275821685791
76,25,0.1,0.005791306030005217,1.0,0.005886492785066366,1.016436219215393
76,26,0.1,0.002568800002336502,1.0,0.00260724825784564,1.014967441558838
76,27,0.1,0.002767034573480487,1.0,0.0028241202235221863,1.0206307172775269
76,28,0.1,0.0027503990568220615,1.0,0.002794074360281229,1.0158796310424805
76,29,0.1,0.0037097488529980183,1.0,0.0037678638473153114,1.0156654119491577
76,30,0.1,0.0026416797190904617,1.0,0.0026758010499179363,1.0129165649414062
76,31,0.1,0.002531981561332941,1.0,0.002569646341726184,1.0148756504058838
76,0,0.2,0.0028371275402605534,1.0,0.0030103386379778385,1.061051607131958
76,1,0.2,0.002587819704785943,1.0,0.002845727140083909,1.099662184715271
76,2,0.2,0.0028104507364332676,1.0,0.0029221419245004654,1.0397412776947021
76,3,0.2,0.006347941234707832,1.0,0.006695891264826059,1.0548131465911865
76,4,0.2,0.002586809918284416,1.0,0.002835138700902462,1.0959980487823486
76,5,0.2,0.0030978925060480833,1.0,0.0032038551289588213,1.0342048406600952
76,6,0.2,0.0029858825728297234,1.0,0.003139962675049901,1.051602840423584
76,7,0.2,0.0027137710712850094,1.0,0.002977403113618493,1.0971460342407227
76,8,0.2,0.002997803734615445,1.0,0.0031543392688035965,1.0522167682647705
76,9,0.2,0.003773630829527974,0.84375,0.015622596256434917,4.139937400817871
76,10,0.2,0.0028622832614928484,1.0,0.003302536439150572,1.1538119316101074
76,11,0.2,0.002487377030774951,0.65625,0.04656876251101494,18.722036361694336
76,12,0.2,0.0026846423279494047,0.96875,0.0038812437560409307,1.4457210302352905
76,13,0.2,0.0025227651931345463,1.0,0.0026086876168847084,1.0340588092803955
76,14,0.2,0.0029023734387010336,0.90625,0.006062868982553482,2.0889346599578857
76,15,0.2,0.002832693513482809,1.0,0.0029538103844970465,1.0427566766738892
76,16,0.2,0.0023223930038511753,0.71875,0.02669678069651127,11.495375633239746
76,17,0.2,0.0028353079687803984,0.9375,0.004362647421658039,1.5386854410171509
76,18,0.2,0.0027067603077739477,1.0,0.0028491218108683825,1.0525949001312256
76,19,0.2,0.0023763126228004694,1.0,0.002551749348640442,1.0738272666931152
76,20,0.2,0.0026558018289506435,1.0,0.0027649360708892345,1.0410926342010498
76,21,0.2,0.0025682239793241024,1.0,0.0026964007411152124,1.0499086380004883
76,22,0.2,0.0030328615102916956,0.96875,0.004810310900211334,1.5860635042190552
76,23,0.2,0.002357186982408166,0.75,0.055492155253887177,23.54168701171875
76,24,0.2,0.0027514523826539516,0.65625,0.07434868812561035,27.021617889404297
76,25,0.2,0.005791306030005217,1.0,0.006165863014757633,1.0646758079528809
76,26,0.2,0.002568800002336502,1.0,0.0026988203171640635,1.0506151914596558
76,27,0.2,0.002767034573480487,0.96875,0.005695076193660498,2.058187484741211
76,28,0.2,0.0027503990568220615,1.0,0.0031457808800041676,1.1437543630599976
76,29,0.2,0.0037097488529980183,1.0,0.003976615145802498,1.0719364881515503
76,30,0.2,0.0026416797190904617,1.0,0.0027684776578098536,1.0479990243911743
76,31,0.2,0.002531981561332941,1.0,0.002769890706986189,1.0939618349075317
76,0,0.5,0.0028371275402605534,0.90625,0.005929358769208193,2.0899159908294678
76,1,0.5,0.002587819704785943,0.90625,0.008857611566781998,3.4228084087371826
76,2,0.5,0.0028104507364332676,1.0,0.0033953827805817127,1.208127498626709
76,3,0.5,0.006347941234707832,0.9375,0.008881693705916405,1.399145483970642
76,4,0.5,0.002586809918284416,0.75,0.018639158457517624,7.205461502075195
76,5,0.5,0.0030978925060480833,0.96875,0.005053883884102106,1.6313941478729248
76,6,0.5,0.0029858825728297234,0.9375,0.005040177144110203,1.688002586364746
76,7,0.5,0.0027137710712850094,0.8125,0.008566893637180328,3.156822443008423
76,8,0.5,0.002997803734615445,0.78125,0.01168729830533266,3.89862060546875
76,9,0.5,0.003773630829527974,0.5,0.023128993809223175,6.129108905792236
76,10,0.5,0.0028622832614928484,0.90625,0.006452921777963638,2.2544665336608887
76,11,0.5,0.002487377030774951,0.6875,0.017774660140275955,7.145946025848389
76,12,0.5,0.0026846423279494047,0.90625,0.008371206000447273,3.118182897567749
76,13,0.5,0.0025227651931345463,0.96875,0.0034871003590524197,1.3822531700134277
76,14,0.5,0.0029023734387010336,0.65625,0.012960873544216156,4.465612411499023
76,15,0.5,0.002832693513482809,0.96875,0.0042139943689107895,1.4876281023025513
76,16,0.5,0.0023223930038511753,0.65625,0.02862376719713211,12.325118064880371
76,17,0.5,0.0028353079687803984,0.75,0.017411518841981888,6.140961170196533
76,18,0.5,0.0027067603077739477,0.875,0.007001234218478203,2.5865731239318848
76,19,0.5,0.0023763126228004694,0.78125,0.012831143103539944,5.399601936340332
76,20,0.5,0.0026558018289506435,0.96875,0.00402600783854723,1.5159294605255127
76,21,0.5,0.0025682239793241024,0.9375,0.007315975148230791,2.84865140914917
76,22,0.5,0.0030328615102916956,0.84375,0.008411036804318428,2.773300886154175
76,23,0.5,0.002357186982408166,0.5,0.03623892366886139,15.373800277709961
76,24,0.5,0.0027514523826539516,0.53125,0.038018714636564255,13.817689895629883
76,25,0.5,0.005791306030005217,0.9375,0.007957451045513153,1.3740339279174805
76,26,0.5,0.002568800002336502,1.0,0.003282182617112994,1.2777103185653687
76,27,0.5,0.002767034573480487,0.6875,0.016702061519026756,6.036087512969971
76,28,0.5,0.0027503990568220615,0.875,0.007360456045717001,2.6761410236358643
76,29,0.5,0.0037097488529980183,0.96875,0.005730706267058849,1.544769287109375
76,30,0.5,0.0026416797190904617,0.9375,0.0052905092015862465,2.002706527709961
76,31,0.5,0.002531981561332941,0.8125,0.014657123014330864,5.7887959480285645
5,0,0.05,0.005830154288560152,1.0,0.0058351727202534676,1.0008608102798462
5,1,0.05,0.0060037532821297646,1.0,0.006064001005142927,1.0100350379943848
5,2,0.05,0.005932181607931852,0.78125,0.0062673804350197315,1.0565052032470703
5,3,0.05,0.004837393295019865,0.90625,0.005332808010280132,1.1024134159088135
5,4,0.05,0.006803910713642836,0.0,0.006810993421822786,1.001041054725647
5,5,0.05,0.00623041857033968,0.78125,0.006449744571000338,1.0352023839950562
5,6,0.05,0.006427247077226639,0.15625,0.006467028521001339,1.0061894655227661
5,7,0.05,0.004026815760880709,1.0,0.004044361412525177,1.0043572187423706
5,8,0.05,0.0062618618831038475,0.3125,0.007144598290324211,1.1409703493118286
5,9,0.05,0.003559364704415202,1.0,0.003912753891199827,1.0992844104766846
5,10,0.05,0.006203516852110624,1.0,0.0062238238751888275,1.0032734870910645
5,11,0.05,0.005907637067139149,0.6875,0.0064764199778437614,1.0962791442871094
5,12,0.05,0.0037465770728886127,0.90625,0.004351350013166666,1.161420226097107
5,13,0.05,0.005869104526937008,0.75,0.006269622128456831,1.0682417154312134
5,14,0.05,0.004045457113534212,0.96875,0.004202727228403091,1.0388755798339844
5,15,0.05,0.0036497130058705807,0.9375,0.004312620498239994,1.1816326379776
5,16,0.05,0.004163733217865229,1.0,0.00418895436450839,1.0060573816299438
5,17,0.05,0.00662980554625392,0.0,0.006644877139478922,1.002273440361023
5,18,0.05,0.005069592036306858,1.0,0.005113294348120689,1.0086205005645752
5,19,0.05,0.004508351907134056,1.0,0.004523052833974361,1.003260850906372
5,20,0.05,0.006145132705569267,0.59375,0.006757983937859535,1.0997295379638672
5,21,0.05,0.006861732341349125,0.0,0.0068677994422614574,1.0008841753005981
5,22,0.05,0.006228509359061718,0.75,0.006547962781041861,1.0512888431549072
5,23,0.05,0.005633356980979443,0.59375,0.006701468490064144,1.1896048784255981
5,24,0.05,0.0056193494237959385,0.8125,0.006223474629223347,1.1075080633163452
5,25,0.05,0.003559512086212635,0.9375,0.004064530599862337,1.141878604888916
5,26,0.05,0.005492451135069132,1.0,0.005538696423172951,1.0084198713302612
5,27,0.05,0.005773230921477079,1.0,0.005807653069496155,1.0059623718261719
5,28,0.05,0.005717642139643431,0.625,0.012669350951910019,2.215834856033325
5,29,0.05,0.004186488222330809,1.0,0.004267595708370209,1.0193736553192139
5,30,0.05,0.005711067002266645,1.0,0.005721844732761383,1.0018870830535889
5,31,0.05,0.006637150887399912,0.0,0.006774222012609243,1.020652174949646
5,0,0.1,0.005830154288560152,1.0,0.005853765644133091,1.0040497779846191
5,1,0.1,0.0060037532821297646,0.75,0.006351042538881302,1.0578453540802002
5,2,0.1,0.005932181607931852,0.78125,0.006290187127888203,1.060349702835083
5,3,0.1,0.004837393295019865,0.875,0.00548250786960125,1.1333600282669067
5,4,0.1,0.006803910713642836,0.0,0.006835692562162876,1.0046712160110474
5,5,0.1,0.00623041857033968,0.3125,0.0068119787611067295,1.0933420658111572
5,6,0.1,0.006427247077226639,0.03125,0.006645878776907921,1.0340163707733154
5,7,0.1,0.004026815760880709,1.0,0.0040828469209373,1.0139143466949463
5,8,0.1,0.0062618618831038475,0.125,0.00724908709526062,1.1576569080352783
5,9,0.1,0.003559364704415202,0.6875,0.008141831494867802,2.2874393463134766
5,10,0.1,0.006203516852110624,1.0,0.006276526488363743,1.0117690563201904
5,11,0.1,0.005907637067139149,0.65625,0.0064269620925188065,1.087907314300537
5,12,0.1,0.0037465770728886127,0.78125,0.004919322207570076,1.3130178451538086
5,13,0.1,0.005869104526937008,0.84375,0.00620314572006464,1.0569154024124146
5,14,0.1,0.004045457113534212,0.9375,0.004553594160825014,1.1256067752838135
5,15,0.1,0.0036497130058705807,1.0,0.004208587110042572,1.1531281471252441
5,16,0.1,0.004163733217865229,0.96875,0.004553243517875671,1.09354829788208
5,17,0.1,0.00662980554625392,0.0,0.006697252858430147,1.0101733207702637
5,18,0.1,0.005069592036306858,0.96875,0.005755324847996235,1.1352638006210327
5,19,0.1,0.004508351907134056,1.0,0.004564567469060421,1.0124692916870117
5,20,0.1,0.006145132705569267,0.375,0.006848616991192102,1.114478349685669
5,21,0.1,0.006861732341349125,0.0,0.006887942552566528,1.0038197040557861
5,22,0.1,0.006228509359061718,0.625,0.006540125235915184,1.0500304698944092
5,23,0.1,0.005633356980979443,0.40625,0.012067064642906189,2.142073392868042
5,24,0.1,0.0056193494237959385,0.5,0.006673477590084076,1.1875889301300049
5,25,0.1,0.003559512086212635,0.875,0.004731278400868177,1.329192876815796
5,26,0.1,0.005492451135069132,0.9375,0.0058092414401471615,1.0576775074005127
5,27,0.1,0.005773230921477079,0.875,0.006167007610201836,1.0682073831558228
5,28,0.1,0.005717642139643431,0.46875,0.023795371875166893,4.161745548248291
5,29,0.1,0.004186488222330809,1.0,0.004375881515443325,1.0452392101287842
5,30,0.1,0.005711067002266645,1.0,0.005749872885644436,1.006794810295105
5,31,0.1,0.006637150887399912,0.0,0.007207002956420183,1.08585786819458
5,0,0.2,0.005830154288560152,0.96875,0.005999663379043341,1.0290745496749878
5,1,0.2,0.0060037532821297646,0.40625,0.008999200537800789,1.4989290237426758
5,2,0.2,0.005932181607931852,0.59375,0.006470504216849804,1.0907460451126099
5,3,0.2,0.004837393295019865,0.875,0.005650013219565153,1.1679871082305908
5,4,0.2,0.006803910713642836,0.0,0.007003646809607744,1.0293561220169067
5,5,0.2,0.00623041857033968,0.09375,0.007234812714159489,1.161208152770996
5,6,0.2,0.006427247077226639,0.0,0.006808793637901545,1.0593639612197876
5,7,0.2,0.004026815760880709,0.9375,0.004624597728252411,1.148450255393982
5,8,0.2,0.0062618618831038475,0.0625,0.009753028862178326,1.5575284957885742
5,9,0.2,0.003559364704415202,0.59375,0.016051363199949265,4.509613990783691
5,10,0.2,0.006203516852110624,0.4375,0.006701856851577759,1.080331802368164
5,11,0.2,0.005907637067139149,0.65625,0.006558922119438648,1.110244631767273
5,12,0.2,0.0037465770728886127,0.75,0.005426941905170679,1.4485065937042236
5,13,0.2,0.005869104526937008,0.5625,0.009885932318866253,1.6844022274017334
5,14,0.2,0.004045457113534212,0.9375,0.005049934610724449,1.2482978105545044
5,15,0.2,0.0036497130058705807,0.9375,0.004368402995169163,1.1969168186187744
5,16,0.2,0.004163733217865229,0.78125,0.010403628461062908,2.4986300468444824
5,17,0.2,0.00662980554625392,0.0,0.007072532549500465,1.066778302192688
5,18,0.2,0.005069592036306858,0.65625,0.009565546177327633,1.8868473768234253
5,19,0.2,0.004508351907134056,1.0,0.004733590874820948,1.0499604940414429
5,20,0.2,0.006145132705569267,0.09375,0.007717042230069637,1.2557975053787231
5,21,0.2,0.006861732341349125,0.0,0.006968994624912739,1.015631914138794
5,22,0.2,0.006228509359061718,0.4375,0.006663204170763493,1.0697911977767944
5,23,0.2,0.005633356980979443,0.21875,0.033065199851989746,5.869537830352783
5,24,0.2,0.0056193494237959385,0.3125,0.008522458374500275,1.516627311706543
5,25,0.2,0.003559512086212635,0.84375,0.005125841591507196,1.4400404691696167
5,26,0.2,0.005492451135069132,0.65625,0.011243810877203941,2.0471389293670654
5,27,0.2,0.005773230921477079,0.4375,0.03477485105395317,6.023464202880859
5,28,0.2,0.005717642139643431,0.34375,0.03244077414274216,5.673803329467773
5,29,0.2,0.004186488222330809,1.0,0.004488346166908741,1.0721030235290527
5,30,0.2,0.005711067002266645,0.9375,0.005900910124182701,1.0332412719726562
5,31,0.2,0.006637150887399912,0.0,0.008678421378135681,1.3075523376464844
5,0,0.5,0.005830154288560152,0.40625,0.00755881704390049,1.2965036630630493
5,1,0.5,0.0060037532821297646,0.0625,0.021180273965001106,3.527838706970215
5,2,0.5,0.005932181607931852,0.03125,0.00835070013999939,1.4076945781707764
5,3,0.5,0.004837393295019865,0.71875,0.006208712700754404,1.2834831476211548
5,4,0.5,0.006803910713642836,0.0,0.007820133119821548,1.1493586301803589
5,5,0.5,0.00623041857033968,0.0,0.009090298786759377,1.4590189456939697
5,6,0.5,0.006427247077226639,0.03125,0.00739397294819355,1.150410532951355
5,7,0.5,0.004026815760880709,0.625,0.009792650118470192,2.4318594932556152
5,8,0.5,0.0062618618831038475,0.03125,0.021630221977829933,3.4542794227600098
5,9,0.5,0.003559364704415202,0.5625,0.009671885520219803,2.717306613922119
5,10,0.5,0.006203516852110624,0.0,0.011627470143139362,1.8743351697921753
5,11,0.5,0.005907637067139149,0.34375,0.009033041074872017,1.5290447473526
5,12,0.5,0.0037465770728886127,0.375,0.02071022242307663,5.527772426605225
5,13,0.5,0.005869104526937008,0.15625,0.02416076697409153,4.116601467132568
5,14,0.5,0.004045457113534212,0.21875,0.01582680083811283,3.9122400283813477
5,15,0.5,0.0036497130058705807,0.9375,0.004801258444786072,1.3155165910720825
5,16,0.5,0.004163733217865229,0.40625,0.022565245628356934,5.4194746017456055
5,17,0.5,0.00662980554625392,0.0,0.014668244868516922,2.2124698162078857
5,18,0.5,0.005069592036306858,0.3125,0.011124067939817905,2.194272518157959
5,19,0.5,0.004508351907134056,0.8125,0.005961040034890175,1.3222215175628662
5,20,0.5,0.006145132705569267,0.0,0.008374856784939766,1.3628437519073486
5,21,0.5,0.006861732341349125,0.03125,0.00756431370973587,1.102391242980957
5,22,0.5,0.006228509359061718,0.03125,0.006970259826630354,1.1190896034240723
5,23,0.5,0.005633356980979443,0.03125,0.03228643164038658,5.731295108795166
5,24,0.5,0.0056193494237959385,0.09375,0.01938129961490631,3.4490292072296143
5,25,0.5,0.003559512086212635,0.59375,0.0065484922379255295,1.8397163152694702
5,26,0.5,0.005492451135069132,0.28125,0.0531424954533577,9.675552368164062
5,27,0.5,0.005773230921477079,0.125,0.07884614914655685,13.657196044921875
5,28,0.5,0.005717642139643431,0.0,0.021239271387457848,3.7146902084350586
5,29,0.5,0.004186488222330809,0.84375,0.008658381178975105,2.0681729316711426
5,30,0.5,0.005711067002266645,0.5,0.006482086610049009,1.1350044012069702
5,31,0.5,0.006637150887399912,0.0,0.016153384000062943,2.4337828159332275
91,0,0.05,0.0025968998670578003,1.0,0.002658273559063673,1.0236334800720215
91,1,0.05,0.0031243811827152967,1.0,0.003145900322124362,1.006887435913086
91,2,0.05,0.0031879961024969816,1.0,0.003201924031600356,1.0043690204620361
91,3,0.05,0.003313449677079916,1.0,0.003324362449347973,1.0032933950424194
91,4,0.05,0.0027853166684508324,1.0,0.0028464854694902897,1.0219610929489136
91,5,0.05,0.002766891149803996,1.0,0.002792343031615019,1.0091986656188965
91,6,0.05,0.0033559089060872793,1.0,0.0033700051717460155,1.0042004585266113
91,7,0.05,0.0030678454786539078,1.0,0.0031008399091660976,1.010754942893982
91,8,0.05,0.0025676595978438854,1.0,0.0025831821840256453,1.0060455799102783
91,9,0.05,0.003116582753136754,0.84375,0.0042305453680455685,1.3574308156967163
91,10,0.05,0.0032616308890283108,1.0,0.0032903014216572046,1.0087902545928955
91,11,0.05,0.003063482465222478,1.0,0.0030870488844811916,1.0076926946640015
91,12,0.05,0.0033252760767936707,0.9375,0.0053496044129133224,1.6087698936462402
91,13,0.05,0.003355079097673297,1.0,0.003368852660059929,1.0041052103042603
91,14,0.05,0.003373742802068591,1.0,0.0033954919781535864,1.0064465999603271
91,15,0.05,0.0029909955337643623,1.0,0.0030432059429585934,1.017455816268921
91,16,0.05,0.0029488836880773306,1.0,0.002996287075802684,1.0160751342773438
91,17,0.05,0.0026590381748974323,1.0,0.0027230861596763134,1.0240869522094727
91,18,0.05,0.003163302317261696,1.0,0.0031677596271038055,1.0014092922210693
91,19,0.05,0.0026134205982089043,1.0,0.002638348378241062,1.0095384120941162
91,20,0.05,0.0032374330330640078,1.0,0.003253062255680561,1.0048274993896484
91,21,0.05,0.003182640066370368,1.0,0.0031966380774974823,1.0043983459472656
91,22,0.05,0.00341202225536108,1.0,0.0034468015655875206,1.0101932287216187
91,23,0.05,0.004414968658238649,1.0,0.004428504500538111,1.0030659437179565
91,24,0.05,0.0030395861249417067,1.0,0.0030798809602856636,1.0132566690444946
91,25,0.05,0.0024830522015690804,1.0,0.002531522186473012,1.0195202827453613
91,26,0.05,0.003423861460760236,0.96875,0.0035987524315714836,1.0510798692703247
91,27,0.05,0.0028377247508615255,1.0,0.0028478833846747875,1.00357985496521
91,28,0.05,0.003492391435429454,1.0,0.003501910949125886,1.0027258396148682
91,29,0.05,0.003043828532099724,0.96875,0.0033579329028725624,1.103193759918213
91,30,0.05,0.0033163658808916807,1.0,0.0033243391662836075,1.0024042129516602
91,31,0.05,0.0032886790577322245,1.0,0.003297648159787059,1.0027272701263428
91,0,0.1,0.0025968998670578003,1.0,0.0027931577060371637,1.0755738019943237
91,1,0.1,0.0031243811827152967,1.0,0.0032527712173759937,1.041092872619629
91,2,0.1,0.0031879961024969816,1.0,0.0032360393088310957,1.0150699615478516
91,3,0.1,0.003313449677079916,1.0,0.003382826456800103,1.0209379196166992
91,4,0.1,0.0027853166684508324,0.84375,0.006506538018584251,2.3360137939453125
91,5,0.1,0.002766891149803996,1.0,0.0028707128949463367,1.037522792816162
91,6,0.1,0.0033559089060872793,1.0,0.003410398494452238,1.0162369012832642
91,7,0.1,0.0030678454786539078,0.90625,0.0034124646335840225,1.1123325824737549
91,8,0.1,0.0025676595978438854,0.96875,0.0027645318768918514,1.0766737461090088
91,9,0.1,0.003116582753136754,0.53125,0.0128177460283041,4.112756252288818
91,10,0.1,0.0032616308890283108,0.9375,0.003504131454974413,1.0743495225906372
91,11,0.1,0.003063482465222478,0.90625,0.0034475671127438545,1.1253751516342163
91,12,0.1,0.0033252760767936707,0.84375,0.010536346584558487,3.168562650680542
91,13,0.1,0.003355079097673297,1.0,0.0034155119210481644,1.018012285232544
91,14,0.1,0.003373742802068591,1.0,0.0034635039046406746,1.0266057252883911
91,15,0.1,0.0029909955337643623,0.84375,0.03295072913169861,11.016641616821289
91,16,0.1,0.0029488836880773306,0.9375,0.003328370861709118,1.1286883354187012
91,17,0.1,0.0026590381748974323,0.96875,0.0029894360341131687,1.1242547035217285
91,18,0.1,0.003163302317261696,1.0,0.0031827567145228386,1.0061500072479248
91,19,0.1,0.0026134205982089043,0.96875,0.0028562359511852264,1.092910885810852
91,20,0.1,0.0032374330330640078,1.0,0.0033190418034791946,1.0252078771591187
91,21,0.1,0.003182640066370368,1.0,0.0032446582335978746,1.019486427307129
91,22,0.1,0.00341202225536108,0.875,0.010950424708425999,3.2093653678894043
91,23,0.1,0.004414968658238649,1.0,0.0044737039133906364,1.0133037567138672
91,24,0.1,0.0030395861249417067,0.96875,0.0034328207839280367,1.129371166229248
91,25,0.1,0.0024830522015690804,1.0,0.0027278761845082045,1.0985980033874512
91,26,0.1,0.003423861460760236,0.78125,0.004844344686716795,1.4148776531219482
91,27,0.1,0.0028377247508615255,1.0,0.002876787446439266,1.013765573501587
91,28,0.1,0.003492391435429454,1.0,0.003533243667334318,1.01169753074646
91,29,0.1,0.003043828532099724,0.6875,0.006612864322960377,2.172548294067383
91,30,0.1,0.0033163658808916807,1.0,0.003361821174621582,1.0137063264846802
91,31,0.1,0.0032886790577322245,1.0,0.003334243316203356,1.0138548612594604
91,0,0.2,0.0025968998670578003,0.9375,0.003349775681272149,1.289913296699524
91,1,0.2,0.0031243811827152967,0.8125,0.004084393382072449,1.3072646856307983
91,2,0.2,0.0031879961024969816,1.0,0.003395669162273407,1.0651421546936035
91,3,0.2,0.003313449677079916,0.9375,0.003971060272306204,1.1984670162200928
91,4,0.2,0.0027853166684508324,0.53125,0.07564537227153778,27.158626556396484
91,5,0.2,0.002766891149803996,0.9375,0.0032935976050794125,1.1903603076934814
91,6,0.2,0.0033559089060872793,0.9375,0.0045188493095338345,1.3465352058410645
91,7,0.2,0.0030678454786539078,0.75,0.004826555028557777,1.5732717514038086
91,8,0.2,0.0025676595978438854,0.8125,0.010398012585937977,4.049607276916504
91,9,0.2,0.003116582753136754,0.46875,0.029429107904434204,9.4427490234375
91,10,0.2,0.0032616308890283108,0.875,0.004750633612275124,1.456520676612854
91,11,0.2,0.003063482465222478,0.59375,0.029800506308674812,9.727657318115234
91,12,0.2,0.0033252760767936707,0.5625,0.016250258311629295,4.886889934539795
91,13,0.2,0.003355079097673297,0.90625,0.003853065660223365,1.1484276056289673
91,14,0.2,0.003373742802068591,0.96875,0.0037814329843968153,1.1208419799804688
91,15,0.2,0.0029909955337643623,0.625,0.012641632929444313,4.226563453674316
91,16,0.2,0.0029488836880773306,0.71875,0.013358903117477894,4.530156135559082
91,17,0.2,0.0026590381748974323,0.71875,0.007739176973700523,2.910517454147339
91,18,0.2,0.003163302317261696,1.0,0.003253184026107192,1.028414011001587
91,19,0.2,0.0026134205982089043,0.78125,0.0049527669325470924,1.8951283693313599
91,20,0.2,0.0032374330330640078,0.9375,0.0038132702466100454,1.1778684854507446
91,21,0.2,0.003182640066370368,0.96875,0.003479142440482974,1.0931625366210938
91,22,0.2,0.00341202225536108,0.75,0.02248958684504032,6.591277599334717
91,23,0.2,0.004414968658238649,0.5625,0.004789135418832302,1.084749460220337
91,24,0.2,0.0030395861249417067,0.75,0.015592588111758232,5.1298394203186035
91,25,0.2,0.0024830522015690804,0.8125,0.003812616690993309,1.5354557037353516
91,26,0.2,0.003423861460760236,0.5625,0.009619498625397682,2.809546947479248
91,27,0.2,0.0028377247508615255,1.0,0.0029925566632300615,1.0545620918273926
91,28,0.2,0.003492391435429454,0.96875,0.0041282824240624905,1.1820791959762573
91,29,0.2,0.003043828532099724,0.53125,0.015031019225716591,4.938194274902344
91,30,0.2,0.0033163658808916807,0.9375,0.0037874795962125063,1.142057180404663
91,31,0.2,0.0032886790577322245,0.96875,0.006867240648716688,2.0881459712982178
91,0,0.5,0.0025968998670578003,0.5625,0.007524438668042421,2.8974697589874268
91,1,0.5,0.0031243811827152967,0.3125,0.009218310005962849,2.950443744659424
91,2,0.5,0.0031879961024969816,0.53125,0.005489000119268894,1.7217711210250854
91,3,0.5,0.003313449677079916,0.3125,0.009484561160206795,2.862443208694458
91,4,0.5,0.0027853166684508324,0.28125,0.026248395442962646,9.423847198486328
91,5,0.5,0.002766891149803996,0.34375,0.0076550645753741264,2.7666661739349365
91,6,0.5,0.0033559089060872793,0.59375,0.011919837445020676,3.5518956184387207
91,7,0.5,0.0030678454786539078,0.46875,0.006225538905709982,2.0292868614196777
91,8,0.5,0.0025676595978438854,0.28125,0.0784863531589508,30.567272186279297
91,9,0.5,0.003116582753136754,0.3125,0.025509141385555267,8.18497085571289
91,10,0.5,0.0032616308890283108,0.40625,0.012026218697428703,3.6871793270111084
91,11,0.5,0.003063482465222478,0.15625,0.055471036583185196,18.107181549072266
91,12,0.5,0.0033252760767936707,0.1875,0.055351223796606064,16.64560317993164
91,13,0.5,0.003355079097673297,0.40625,0.015135670080780983,4.511270523071289
91,14,0.5,0.003373742802068591,0.3125,0.008104556240141392,2.402245044708252
91,15,0.5,0.0029909955337643623,0.1875,0.040764499455690384,13.629075050354004
91,16,0.5,0.0029488836880773306,0.25,0.030923383310437202,10.486471176147461
91,17,0.5,0.0026590381748974323,0.3125,0.03347169607877731,12.587895393371582
91,18,0.5,0.003163302317261696,0.75,0.006789850071072578,2.1464438438415527
91,19,0.5,0.0026134205982089043,0.375,0.019184140488505363,7.3406243324279785
91,20,0.5,0.0032374330330640078,0.5,0.02227051928639412,6.879067420959473
91,21,0.5,0.003182640066370368,0.59375,0.005352528765797615,1.6817888021469116
91,22,0.5,0.00341202225536108,0.53125,0.010891416110098362,3.192070484161377
91,23,0.5,0.004414968658238649,0.0,0.023255398496985435,5.267398834228516
91,24,0.5,0.0030395861249417067,0.5,0.02913210354745388,9.584234237670898
91,25,0.5,0.0024830522015690804,0.3125,0.009723895229399204,3.9161062240600586
91,26,0.5,0.003423861460760236,0.3125,0.012232707813382149,3.5727810859680176
91,27,0.5,0.0028377247508615255,0.71875,0.015615226700901985,5.502727508544922
91,28,0.5,0.003492391435429454,0.40625,0.012351141311228275,3.536585807800293
91,29,0.5,0.003043828532099724,0.15625,0.02980509027838707,9.791975021362305
91,30,0.5,0.0033163658808916807,0.75,0.012139014899730682,3.660336494445801
91,31,0.5,0.0032886790577322245,0.8125,0.004864733666181564,1.4792364835739136
