sample_index,environment,path_num,stage1_corrected,stage1_safe,stage1_deviation,stage1_length,stage1_length_ratio,stage1_length_penalty,stage1_obstacle,stage1_curvature,stage1_smoothness,stage1_jerk,stage1_dangerous_ratio,stage1_unsafe_margin_ratio,stage1_min_esdf,stage1_curvature_violation_ratio,stage1_control_oob_ratio,teacher_corrected,teacher_safe,teacher_deviation,teacher_length,teacher_length_ratio,teacher_length_penalty,teacher_obstacle,teacher_curvature,teacher_smoothness,teacher_jerk,teacher_dangerous_ratio,teacher_unsafe_margin_ratio,teacher_min_esdf,teacher_curvature_violation_ratio,teacher_control_oob_ratio,c1_corrected,c1_safe,c1_deviation,c1_length,c1_length_ratio,c1_length_penalty,c1_obstacle,c1_curvature,c1_smoothness,c1_jerk,c1_dangerous_ratio,c1_unsafe_margin_ratio,c1_min_esdf,c1_curvature_violation_ratio,c1_control_oob_ratio,c1_relative_teacher_error,c2_corrected,c2_safe,c2_deviation,c2_length,c2_length_ratio,c2_length_penalty,c2_obstacle,c2_curvature,c2_smoothness,c2_jerk,c2_dangerous_ratio,c2_unsafe_margin_ratio,c2_min_esdf,c2_curvature_violation_ratio,c2_control_oob_ratio,c2_relative_teacher_error,c1_teacher_recovery,c1_improved,c2_teacher_recovery,c2_improved
0,env000064,13,10.240646362304688,10.240646362304688,0.0,18.020877838134766,1.0,0.0,9.617745399475098,1.6424444913864136,0.001957276836037636,0.0014134887605905533,0.4699999988079071,0.4899999797344208,-1.382619857788086,0.06122449040412903,0.0,2.4301750659942627,2.2093563079833984,1.1040937900543213,20.648540496826172,1.1458121538162231,0.0,1.9993417263031006,0.7523379325866699,0.03371782600879669,0.047483693808317184,0.07000000029802322,0.07999999821186066,-0.6978607773780823,0.030612245202064514,0.0,2.0312304496765137,1.7619023323059082,1.3466401100158691,17.066747665405273,0.9470542073249817,0.0,0.7215027213096619,0.0,0.0010934157762676477,0.00017656999989412725,0.029999999329447746,0.029999999329447746,-0.5428531765937805,0.0,0.0,1.0394306182861328,2.56141996383667,2.319866895675659,1.207764744758606,20.039936065673828,1.1120399236679077,0.0,2.0622358322143555,0.7515408396720886,0.030413256958127022,0.041680265218019485,0.07000000029802322,0.07000000029802322,-0.8344686627388,0.05102040618658066,0.0,0.07999718934297562,1.0510780811309814,True,0.9831962585449219,True
1,env000040,9,8.49121379852295,8.49121379852295,0.0,15.218921661376953,1.0,0.0,7.870293617248535,1.6211801767349243,0.0013658171519637108,0.0005710765835829079,0.20999999344348907,0.22999998927116394,-1.5116641521453857,0.10204081237316132,0.0,1.7154613733291626,1.4549309015274048,1.30265212059021,16.853105545043945,1.1073784828186035,0.0,1.2805720567703247,0.43907713890075684,0.009073094464838505,0.004697822500020266,0.029999999329447746,0.03999999910593033,-1.3115949630737305,0.13265305757522583,0.0,2.480872869491577,2.0941245555877686,1.9337410926818848,16.265342712402344,1.0687578916549683,0.0,1.9802299737930298,0.22825658321380615,0.0032597878016531467,0.0012420176062732935,0.04999999701976776,0.05999999865889549,-1.2012428045272827,0.06122449040412903,0.0,0.6948699951171875,2.105151891708374,1.866987705230713,1.1409868001937866,17.609195709228516,1.1570593118667603,4.9834219680633396e-05,1.4415708780288696,1.1988016366958618,0.0077224611304700375,0.003661124501377344,0.03999999910593033,0.03999999910593033,-1.3487321138381958,0.15306122601032257,0.0,0.19626110792160034,0.8870366215705872,True,0.9424874186515808,True
2,env000040,15,8.497745513916016,8.497745513916016,0.0,10.585355758666992,1.0,0.0,7.568170070648193,2.691803216934204,0.0010753966635093093,0.0005277571617625654,0.17999999225139618,0.22999998927116394,-1.4676499366760254,0.0714285671710968,0.0,1.1215285062789917,0.944530725479126,0.8785415291786194,12.200037002563477,1.1525391340255737,6.447322448366322e-06,0.7459737062454224,0.13744905591011047,0.025079673156142235,0.017968488857150078,0.009999999776482582,0.009999999776482582,-1.4676499366760254,0.020408162847161293,0.0,1.863095998764038,1.613200306892395,1.2494785785675049,11.907812118530273,1.1249326467514038,0.0,1.2453374862670898,0.06740889698266983,0.002099298872053623,0.0004527676210273057,0.029999999329447746,0.029999999329447746,-1.4676499366760254,0.030612245202064514,0.0,0.9056801795959473,4.211623668670654,4.138364791870117,0.3662950098514557,10.677173614501953,1.0086740255355835,0.0,3.5357463359832764,0.8767625689506531,0.0008772590081207454,0.00030220657936297357,0.09999999403953552,0.11999999731779099,-1.4676498174667358,0.040816325694322586,0.0,0.8837459683418274,0.899465024471283,True,0.5810731649398804,True
3,env000040,13,6.9675116539001465,6.9675116539001465,0.0,17.558744430541992,1.0,0.0,6.746622085571289,0.7443076372146606,0.0010127826826646924,0.0006240436341613531,0.17000000178813934,0.17999999225139618,-1.4224202632904053,0.040816325694322586,0.0,1.3366376161575317,1.0707132816314697,1.3096843957901,20.270957946777344,1.1544650793075562,1.993714613490738e-05,0.9635515809059143,0.23136842250823975,0.014004016295075417,0.00801661517471075,0.019999999552965164,0.019999999552965164,-0.9828283190727234,0.0714285671710968,0.0,2.19701886177063,1.9012588262557983,1.4788000583648682,19.649559020996094,1.1190754175186157,0.0,1.7627537250518799,0.3823404610157013,0.004433703143149614,0.0024891197681427,0.03999999910593033,0.03999999910593033,-1.2302675247192383,0.05102040618658066,0.0,0.8529332876205444,4.676538944244385,4.225020885467529,2.2575900554656982,18.107131958007812,1.0312316417694092,0.0,3.2765674591064453,3.232015371322632,0.01175521221011877,0.012507356703281403,0.09999999403953552,0.10999999940395355,-1.4858343601226807,0.06122449040412903,0.0,0.6971462965011597,0.8472028374671936,True,0.4068591594696045,True
4,env000040,2,6.362196922302246,6.362196922302246,0.0,19.912960052490234,1.0,0.0,6.3416852951049805,0.007263207342475653,0.0002237425505882129,0.00016958291234914213,0.2199999988079071,0.2199999988079071,-1.231824278831482,0.010204081423580647,0.0,0.9591663479804993,0.6148751974105835,1.721455693244934,22.845050811767578,1.1472454071044922,0.0,0.547633945941925,0.16689077019691467,0.013772256672382355,0.008499707095324993,0.009999999776482582,0.009999999776482582,-0.8023032546043396,0.05102040618658066,0.0,1.7917578220367432,1.4440523386001587,1.738527536392212,21.601608276367188,1.084801435470581,0.0,1.3579726219177246,0.0,0.0015547772636637092,0.0006276023923419416,0.04999999701976776,0.05999999865889549,-0.8089740872383118,0.0,0.0,0.943390965461731,1.739749550819397,1.2087949514389038,2.654772996902466,21.79021453857422,1.0942729711532593,0.0,0.9278112649917603,0.7226788401603699,0.008313271217048168,0.007127110380679369,0.03999999910593033,0.03999999910593033,-0.8349679708480835,0.12244898080825806,0.0,0.6289001107215881,0.8459029197692871,True,0.855528712272644,True
5,env000015,6,6.339754104614258,6.339754104614258,0.0,17.479530334472656,1.0,0.0,5.427895545959473,2.2332897186279297,0.002031823853030801,0.001532961381599307,0.20999999344348907,0.25,-0.9782878756523132,0.09183673560619354,0.0,1.9803136587142944,1.7890223264694214,0.9564566016197205,18.11182403564453,1.0361733436584473,0.0,1.2482256889343262,1.1588340997695923,0.01124471053481102,0.008857914246618748,0.04999999701976776,0.05999999865889549,-0.5479544401168823,0.08163265138864517,0.0,2.658397674560547,2.4774043560028076,0.9049670100212097,18.84177589416504,1.0779337882995605,0.0,2.2719483375549316,0.22246387600898743,0.0026167368050664663,0.0011731917038559914,0.08999999612569809,0.10999999940395355,-0.7456346750259399,0.030612245202064514,0.0,1.0314873456954956,1.9742941856384277,1.8100467920303345,0.8212367296218872,18.03396224975586,1.0317189693450928,0.0,1.3639671802520752,1.3762428760528564,0.013868574053049088,0.015044541098177433,0.05999999865889549,0.07000000029802322,-0.5761715769767761,0.10204081237316132,0.0,0.11114882677793503,0.8444561958312988,True,1.0013808012008667,True
6,env000015,2,5.566491603851318,5.566491603851318,0.0,11.53272819519043,1.0,0.0,5.226643085479736,1.0394389629364014,0.00040512383566237986,0.0002379862271482125,0.17999999225139618,0.2199999988079071,-1.0109291076660156,0.06122449040412903,0.0,1.8490118980407715,1.5892759561538696,1.2986799478530884,13.054502487182617,1.1319526433944702,0.0,1.1593220233917236,1.389082431793213,0.017416588962078094,0.020879872143268585,0.029999999329447746,0.03999999910593033,-0.8969540596008301,0.12244898080825806,0.0,2.220656156539917,1.9408692121505737,1.3989349603652954,12.115142822265625,1.0505009889602661,0.0,1.8541659116744995,0.24089746177196503,0.001722994027659297,0.0006771230255253613,0.05999999865889549,0.07000000029802322,-0.9483039379119873,0.030612245202064514,0.0,0.6879938244819641,2.154561996459961,1.8592658042907715,1.476481556892395,12.864527702331543,1.1154799461364746,0.0,1.4792472124099731,1.2159696817398071,0.010489623993635178,0.008066769689321518,0.03999999910593033,0.04999999701976776,-0.902129590511322,0.1428571343421936,0.0,0.1519021987915039,0.900027871131897,True,0.9178071618080139,True
7,env000040,4,5.882246017456055,5.882246017456055,0.0,7.831165313720703,1.0,0.0,5.076772689819336,2.226181745529175,0.0005732199060730636,0.00016893463907763362,0.4599999785423279,0.5199999809265137,-0.7999880313873291,0.17346937954425812,0.0,1.5645992755889893,1.1844624280929565,1.1969935894012451,9.213578224182129,1.1765271425247192,0.0007036905735731125,0.6941859126091003,0.8969541788101196,0.0035805704537779093,0.001766442321240902,0.03999999910593033,0.03999999910593033,-0.33927059173583984,0.20408162474632263,0.0,3.5201473236083984,3.4685099124908447,0.25818654894828796,8.77705192565918,1.120784878730774,0.0,3.1469368934631348,0.3708396553993225,0.0006437395932152867,0.0002140820142813027,0.1599999964237213,0.20999999344348907,-0.5974880456924438,0.22448979318141937,0.0,0.8787423372268677,3.5654611587524414,3.447676658630371,0.588922917842865,8.388099670410156,1.071117639541626,0.0,2.8775827884674072,0.5840761065483093,0.0006664522807113826,0.00015880448336247355,0.12999999523162842,0.17000000178813934,-0.5875909328460693,0.16326530277729034,0.0,0.7277534008026123,0.5470800995826721,True,0.5365850329399109,True
8,env000040,6,5.126139163970947,5.126139163970947,0.0,13.695775985717773,1.0,0.0,4.6419477462768555,1.1983824968338013,0.0005626956699416041,0.0003206130932085216,0.2199999988079071,0.25999999046325684,-0.8149282932281494,0.030612245202064514,0.0,1.0808029174804688,0.7564900517463684,1.6215640306472778,15.13612174987793,1.1051671504974365,0.0,0.7046826481819153,0.1291208118200302,0.0035584643483161926,0.0016830747481435537,0.019999999552965164,0.029999999329447746,-0.64644855260849,0.020408162847161293,0.0,1.8897507190704346,1.5070587396621704,1.9134601354599,14.265621185302734,1.04160737991333,0.0,1.4427416324615479,0.0,0.0005343984812498093,0.00022764447203371674,0.04999999701976776,0.04999999701976776,-0.7672813534736633,0.0,0.0,0.7545158267021179,1.5166057348251343,1.1414507627487183,1.8757749795913696,14.58829116821289,1.0651671886444092,0.0,0.9486649632453918,0.0,0.0022121253423392773,0.0007986041018739343,0.029999999329447746,0.03999999910593033,-0.8222925066947937,0.0,0.0,0.1968066394329071,0.8000295162200928,True,0.8922702670097351,True
9,env000064,4,4.943177223205566,4.943177223205566,0.0,10.110730171203613,1.0,0.0,4.470801830291748,1.3857662677764893,0.00028168136486783624,0.00012091585085727274,0.14000000059604645,0.14999999105930328,-0.8627727031707764,0.10204081237316132,0.0,0.6440066695213318,0.5264153480529785,0.5879567265510559,11.612058639526367,1.1484886407852173,0.0,0.37720775604248047,0.15972082316875458,0.017494065687060356,0.012113944627344608,0.009999999776482582,0.009999999776482582,-0.6393219232559204,0.020408162847161293,0.0,1.4792017936706543,1.3837807178497314,0.4771054685115814,10.744850158691406,1.0627175569534302,0.0,1.2184795141220093,0.032702233642339706,0.0006438392447307706,0.000155393427121453,0.03999999910593033,0.03999999910593033,-0.7644351720809937,0.030612245202064514,0.0,0.8811700344085693,1.8731998205184937,1.8162072896957397,0.28496262431144714,10.339317321777344,1.0226083993911743,0.0,1.3575822114944458,0.7340604662895203,0.0009354249923489988,0.0003514376294333488,0.04999999701976776,0.04999999701976776,-0.7519232630729675,0.040816325694322586,0.0,0.7679898738861084,0.8057311177253723,True,0.7140859365463257,True
10,env000064,11,4.514644145965576,4.514644145965576,0.0,15.398982048034668,1.0,0.0,4.355467796325684,0.45938554406166077,0.0007707739714533091,0.0003388687619008124,0.2199999988079071,0.23999999463558197,-0.8028872609138489,0.08163265138864517,0.0,1.1317214965820312,1.0031026601791382,0.6292946338653564,17.766033172607422,1.1537147760391235,1.3799738553643692e-05,0.9119927287101746,0.2181914895772934,0.006106507498770952,0.0031769454944878817,0.029999999329447746,0.029999999329447746,-0.6830184459686279,0.0714285671710968,0.0,1.858970284461975,1.5930029153823853,1.3298367261886597,17.360986709594727,1.1274113655090332,0.0,1.4043786525726318,0.47002315521240234,0.0022351585794240236,0.0007378147565759718,0.04999999701976776,0.04999999701976776,-0.8031734228134155,0.0714285671710968,0.0,1.053138017654419,1.939051866531372,1.6195712089538574,0.4800945818424225,18.22355842590332,1.1834261417388916,0.0011173085076734424,1.5104105472564697,0.29553744196891785,0.0042390101589262486,0.0016885986551642418,0.05999999865889549,0.07999999821186066,-0.7971255779266357,0.05102040618658066,0.0,0.215336412191391,0.78502357006073,True,0.7613512277603149,True
11,env000064,1,9.126173973083496,9.126173973083496,0.0,10.395610809326172,1.0,0.0,4.294532775878906,14.513775825500488,0.018725354224443436,0.007117118686437607,0.1899999976158142,0.25,-0.7453438639640808,0.20408162474632263,0.0,0.5073261857032776,0.29382699728012085,0.9046711325645447,12.087603569030762,1.1627602577209473,0.00016282478463836014,0.09602724760770798,0.7086912393569946,0.002217360306531191,0.001537324977107346,0.0,0.009999999776482582,0.04494017735123634,0.2448979616165161,0.0,1.8014686107635498,1.7630497217178345,0.1920945644378662,11.165884017944336,1.0740959644317627,0.0,1.5639290809631348,0.34016385674476624,0.0005932548083364964,0.00017973582725971937,0.04999999701976776,0.08999999612569809,-0.645004391670227,0.17346937954425812,0.0,1.0158592462539673,0.6567526459693909,0.29781633615493774,1.016106128692627,12.245019912719727,1.1779029369354248,0.0007785751949995756,0.0997614935040474,0.7514635920524597,0.0025640586391091347,0.0017154569504782557,0.0,0.009999999776482582,0.044940173625946045,0.20408162474632263,0.0,0.1873709112405777,0.8498473763465881,True,0.9826627969741821,True
12,env000064,3,4.53044319152832,4.53044319152832,0.0,20.405004501342773,1.0,0.0,4.277021408081055,0.6804237961769104,0.002319114049896598,0.0016838222509250045,0.25999999046325684,0.3100000023841858,-0.7498931288719177,0.10204081237316132,0.0,0.9204784035682678,0.7810930609703064,0.6450986266136169,23.612653732299805,1.1571991443634033,5.182802124181762e-05,0.6887686252593994,0.164231538772583,0.005823239684104919,0.0024779862724244595,0.009999999776482582,0.07000000029802322,-0.4388274848461151,0.010204081423580647,0.0,1.0906810760498047,0.9406394362449646,0.6435270309448242,23.676511764526367,1.1603286266326904,0.000106681021861732,0.8944135904312134,0.08053522557020187,0.0035949875600636005,0.0015691877342760563,0.03999999910593033,0.09999999403953552,-0.43882498145103455,0.020408162847161293,0.0,0.8451768159866333,0.9731640219688416,0.8304699659347534,0.6858115792274475,23.573068618774414,1.155259132385254,2.7658723411150277e-05,0.7467251420021057,0.145563006401062,0.0055176573805511,0.002303358865901828,0.019999999552965164,0.07999999821186066,-0.4388275146484375,0.020408162847161293,0.0,0.08959554135799408,0.9528519511222839,True,0.985405445098877,True
13,env000040,8,4.566186428070068,4.566186428070068,0.0,19.757431030273438,1.0,0.0,4.151726722717285,1.2012141942977905,0.0025745155289769173,0.0020792041905224323,0.22999998927116394,0.26999998092651367,-0.8314846158027649,0.08163265138864517,0.0,0.8474785089492798,0.6603055596351624,0.9243988394737244,22.787946701049805,1.153386116027832,1.1465943316579796e-05,0.5649087429046631,0.27814170718193054,0.010924852453172207,0.005076887551695108,0.009999999776482582,0.029999999329447746,-0.7001368403434753,0.040816325694322586,0.0,1.63473641872406,1.12957763671875,2.5257937908172607,22.358932495117188,1.1316720247268677,0.0,1.0219666957855225,0.2742331624031067,0.0069357482716441154,0.0038897888734936714,0.029999999329447746,0.04999999701976776,-0.8531111478805542,0.06122449040412903,0.0,1.029710054397583,0.9020103216171265,0.7010011076927185,1.0050461292266846,22.422359466552734,1.1348823308944702,0.0,0.6058112978935242,0.20290696620941162,0.009755080565810204,0.004388362169265747,0.009999999776482582,0.029999999329447746,-0.8447489738464355,0.06122449040412903,0.0,0.07778759300708771,0.7882979512214661,True,0.9853357672691345,True
14,env000064,8,4.980905055999756,4.980905055999756,0.0,13.951681137084961,1.0,0.0,3.9761862754821777,2.7073304653167725,0.0014519720571115613,0.0007615503272973001,0.12999999523162842,0.14000000059604645,-0.9483612775802612,0.06122449040412903,0.0,1.1603199243545532,1.0435601472854614,0.5837987661361694,15.795806884765625,1.1321794986724854,0.0,0.8284724354743958,0.5351763963699341,0.005204171407967806,0.002986893756315112,0.029999999329447746,0.029999999329447746,-0.6519562005996704,0.08163265138864517,0.0,1.8646571636199951,1.6202518939971924,1.2220265865325928,14.60351848602295,1.04672110080719,0.0,1.5567315816879272,0.015504074282944202,0.001023838180117309,0.0003635793982539326,0.04999999701976776,0.05999999865889549,-0.8026812076568604,0.010204081423580647,0.0,0.8968358039855957,2.351508378982544,2.290660858154297,0.3042377829551697,15.30448055267334,1.0969631671905518,0.0,1.9851499795913696,0.5120062828063965,0.0029667329508811235,0.0015023370506241918,0.07000000029802322,0.07999999821186066,-0.8102379441261292,0.06122449040412903,0.0,0.5419468283653259,0.8156467080116272,True,0.6882182955741882,True
15,env000040,14,4.273245811462402,4.273245811462402,0.0,15.325170516967773,1.0,0.0,3.954141855239868,1.0041052103042603,0.0008352756849490106,0.0004348321526776999,0.12999999523162842,0.17000000178813934,-0.8232844471931458,0.09183673560619354,0.0,0.8054829239845276,0.6655675172805786,0.6995769143104553,17.373699188232422,1.1336708068847656,0.0,0.6608663201332092,0.013201809488236904,0.005183856002986431,0.002121721627190709,0.019999999552965164,0.019999999552965164,-0.6627980470657349,0.010204081423580647,0.0,0.7248846292495728,0.31352490186691284,2.0567984580993652,16.705934524536133,1.0900977849960327,0.0,0.13953803479671478,0.3881380259990692,0.001272532856091857,0.0005797958001494408,0.0,0.0,0.19947470724582672,0.06122449040412903,0.0,0.9943898916244507,2.535857677459717,2.4797403812408447,0.2805864214897156,16.33136749267578,1.0656565427780151,0.0,2.4113287925720215,0.2056674063205719,0.00227820104919374,0.001244661514647305,0.07999999821186066,0.07999999821186066,-0.8779879212379456,0.040816325694322586,0.0,0.782496452331543,1.0232421159744263,True,0.5010111927986145,True
16,env000015,15,4.043134689331055,4.043134689331055,0.0,15.991776466369629,1.0,0.0,3.7805001735687256,0.6472176313400269,0.0007008162210695446,0.00032281086896546185,0.17000000178813934,0.19999998807907104,-0.8149628043174744,0.05102040618658066,0.0,0.7750201225280762,0.6405143141746521,0.6725291013717651,18.333271026611328,1.1464186906814575,0.0,0.6222342252731323,0.010326147079467773,0.00480696139857173,0.001751017407514155,0.019999999552965164,0.019999999552965164,-0.6653802394866943,0.030612245202064514,0.0,1.1774972677230835,1.0322297811508179,0.7263372540473938,17.73738670349121,1.1091567277908325,0.0,0.9797517657279968,0.030876850709319115,0.0014881507959216833,0.000400930002797395,0.029999999329447746,0.029999999329447746,-0.8273012042045593,0.030612245202064514,0.0,0.8397653102874756,0.892899215221405,0.7267544269561768,0.823442280292511,18.43369483947754,1.1526983976364136,7.281478247023188e-06,0.6918089985847473,0.0443301685154438,0.0039645833894610405,0.0012799948453903198,0.019999999552965164,0.029999999329447746,-0.7933088541030884,0.020408162847161293,0.0,0.11969808489084244,0.8768472671508789,True,0.9639305472373962,True
17,env000064,12,5.233569622039795,5.233569622039795,0.0,12.30376148223877,1.0,0.0,3.591712713241577,4.668887615203857,0.004285426810383797,0.0020706336945295334,0.28999999165534973,0.32999998331069946,-0.6790539026260376,0.19387754797935486,0.0,0.43035805225372314,0.20248942077159882,0.9236963391304016,14.330005645751953,1.1646848917007446,0.0002156467380700633,0.07981423288583755,0.3197460472583771,0.003750924253836274,0.0033186194486916065,0.0,0.0,0.21095198392868042,0.16326530277729034,0.0,0.6598206758499146,0.38404059410095215,1.3789005279541016,13.706174850463867,1.1139824390411377,0.0,0.15181125700473785,0.5090446472167969,0.0014072332996875048,0.000703798548784107,0.0,0.0,0.1545863151550293,0.15306122601032257,0.0,0.7790085077285767,0.5202676057815552,0.36590421199798584,0.7718170881271362,13.947334289550781,1.1335829496383667,0.0,0.17713920772075653,0.44176846742630005,0.00278109242208302,0.002131526591256261,0.0,0.009999999776482582,0.04669519141316414,0.15306122601032257,0.0,0.1300201565027237,0.9522272348403931,True,0.9812813401222229,True
18,env000064,16,4.171051025390625,4.171051025390625,0.0,16.378629684448242,1.0,0.0,3.4225192070007324,1.9804607629776,0.0016384365735575557,0.001046526012942195,0.1899999976158142,0.20999999344348907,-0.573927104473114,0.15306122601032257,0.0,0.4734223186969757,0.3713214099407196,0.42328351736068726,18.988388061523438,1.159339189529419,8.722090569790453e-05,0.3049107789993286,0.21376097202301025,0.0063494229689240456,0.0034386469051241875,0.009999999776482582,0.009999999776482582,-0.3813064694404602,0.1428571343421936,0.0,0.9377754926681519,0.8065747618675232,0.656003475189209,18.2360782623291,1.113406777381897,0.0,0.6657097339630127,0.5573201775550842,0.0024966204073280096,0.0013904914958402514,0.019999999552965164,0.03999999910593033,-0.3813064992427826,0.09183673560619354,0.0,0.9113224148750305,1.0509880781173706,0.9748040437698364,0.38092002272605896,18.623779296875,1.137078046798706,0.0,0.8569422364234924,0.11419758945703506,0.004325456451624632,0.002305746776983142,0.04999999701976776,0.05999999865889549,-0.3813064396381378,0.13265305757522583,0.0,0.17283758521080017,0.8744186162948608,True,0.8438010215759277,True
19,env000064,5,3.788073778152466,3.788073778152466,0.0,18.262311935424805,1.0,0.0,3.3206939697265625,1.2170922756195068,0.0014651980018243194,0.0009496788843534887,0.10999999940395355,0.11999999731779099,-1.2639294862747192,0.08163265138864517,0.0,0.6729017496109009,0.5583582520484924,0.5724518299102783,21.011066436767578,1.1505151987075806,2.654542754498834e-07,0.25643616914749146,0.05353124067187309,0.020742474123835564,0.007891671732068062,0.009999999776482582,0.009999999776482582,-0.3740263879299164,0.020408162847161293,0.0,1.583629846572876,1.4756805896759033,0.5397461652755737,19.874977111816406,1.0883055925369263,0.0,1.2466627359390259,0.0,0.002153832232579589,0.0007395807770080864,0.04999999701976776,0.04999999701976776,-0.6295135021209717,0.0,0.0,1.0540052652359009,1.7035306692123413,1.676145315170288,0.13692660629749298,18.684267044067383,1.023105263710022,0.0,1.379431962966919,0.0,0.0016355222323909402,0.0007693222141824663,0.05999999865889549,0.05999999865889549,-0.5901455879211426,0.0,0.0,0.8074874877929688,0.7076476216316223,True,0.6691583395004272,True
20,env000015,16,3.5401151180267334,3.5401151180267334,0.0,20.84775161743164,1.0,0.0,3.2774319648742676,0.8955199122428894,0.002250393619760871,0.0014892186736688018,0.19999998807907104,0.22999998927116394,-0.5475274324417114,0.08163265138864517,0.0,0.3009885549545288,0.16615869104862213,0.6741493344306946,23.150196075439453,1.1104408502578735,0.0,0.16226594150066376,0.0,0.005336375907063484,0.0022963467054069042,0.009999999776482582,0.019999999552965164,-0.09562565386295319,0.0,0.0,0.7297915816307068,0.6297302842140198,0.5003064870834351,22.979049682617188,1.102231502532959,0.0,0.6178769469261169,0.0009438038105145097,0.002949810354039073,0.0016882403288036585,0.029999999329447746,0.029999999329447746,-0.40082022547721863,0.010204081423580647,0.0,0.9055235385894775,0.48476219177246094,0.30520686507225037,0.8977766036987305,23.215211868286133,1.1135594844818115,0.0,0.2718042731285095,0.04804680496454239,0.005487894639372826,0.0023075034841895103,0.009999999776482582,0.009999999776482582,-0.410386323928833,0.040816325694322586,0.0,0.14356453716754913,0.867617666721344,True,0.9432644248008728,True
21,env000015,10,4.045726776123047,4.045726776123047,0.0,9.926398277282715,1.0,0.0,3.0921144485473633,2.7737255096435547,0.0007855060393922031,0.00039537902921438217,0.14000000059604645,0.1599999964237213,-0.59367835521698,0.09183673560619354,0.0,0.22209791839122772,0.17382092773914337,0.24138493835926056,11.140199661254883,1.1222801208496094,0.0,0.04987061396241188,0.37910792231559753,0.004184390883892775,0.004985431209206581,0.0,0.0,0.21689054369926453,0.040816325694322586,0.0,0.32079264521598816,0.2635604739189148,0.28616079688072205,11.025933265686035,1.1107687950134277,0.0,0.08102701604366302,0.020521951839327812,0.0006482022581622005,0.00031044118804857135,0.0,0.0,0.24391937255859375,0.020408162847161293,0.0,0.9580197930335999,0.4709230363368988,0.42763492465019226,0.21644054353237152,10.879526138305664,1.0960195064544678,0.0,0.059706322848796844,0.11455204337835312,0.0005258357850834727,0.00012811293709091842,0.0,0.0,0.2647925019264221,0.040816325694322586,0.0,0.5226379036903381,0.9741882085800171,True,0.9349243640899658,True
22,env000015,17,3.287004232406616,3.287004232406616,0.0,14.138608932495117,1.0,0.0,2.5230631828308105,1.8083122968673706,0.0009555444703437388,0.0006152709829621017,0.11999999731779099,0.11999999731779099,-0.5091726779937744,0.1428571343421936,0.0,0.06720562279224396,0.03764357045292854,0.14781026542186737,15.570402145385742,1.1012682914733887,0.0,0.03489670902490616,0.0010653019417077303,0.0016212305054068565,0.0007749313372187316,0.0,0.0,0.16462862491607666,0.020408162847161293,0.0,0.11936978995800018,0.05834165960550308,0.3051406741142273,15.565835952758789,1.1009453535079956,0.0,0.04444212093949318,0.0,0.0008766862447373569,0.00030096824048087,0.0,0.0,0.16462862491607666,0.0,0.0,1.0303056240081787,0.26096829771995544,0.2261456549167633,0.17411315441131592,14.936193466186523,1.056411862373352,0.0,0.0410018153488636,0.3253820836544037,0.0009710390004329383,0.00038338705780915916,0.0,0.0,0.16462862491607666,0.040816325694322586,0.0,0.3986121416091919,0.9837989807128906,True,0.9398215413093567,True
23,env000040,19,2.577171802520752,2.577171802520752,0.0,13.799347877502441,1.0,0.0,2.438786268234253,0.0,6.907206261530519e-05,2.8886903237435035e-05,0.09999999403953552,0.1899999976158142,-0.5489737391471863,0.0,0.0,0.12793658673763275,0.08464965224266052,0.21643468737602234,15.152366638183594,1.098049521446228,0.0,0.05977584421634674,0.0,0.0021662621293216944,0.001074023311957717,0.0,0.009999999776482582,0.10541686415672302,0.0,0.0,0.17064380645751953,0.11590245366096497,0.2737067639827728,14.424078941345215,1.0452724695205688,0.0,0.10437765717506409,0.0,0.00024163344642147422,7.947516860440373e-05,0.0,0.009999999776482582,0.10541687905788422,0.0,0.0,0.796280026435852,0.2954311668872833,0.24025851488113403,0.2758632302284241,15.385140419006348,1.1149178743362427,0.0,0.07304888963699341,0.0,0.001225353218615055,0.00035381969064474106,0.0,0.009999999776482582,0.10541687160730362,0.0,0.0,0.24526984989643097,0.9825630187988281,True,0.931613564491272,True
24,env000040,16,2.771440267562866,2.771440267562866,0.0,17.704795837402344,1.0,0.0,2.292630672454834,1.5849307775497437,0.0019856819417327642,0.0011528944596648216,0.08999999612569809,0.10999999940395355,-0.6370220184326172,0.06122449040412903,0.0,0.12550312280654907,0.04456619173288345,0.4046846032142639,20.200347900390625,1.1409534215927124,0.0,0.021483978256583214,0.00030431748018600047,0.004806539975106716,0.002389085479080677,0.0,0.0,0.3761371970176697,0.010204081423580647,0.0,0.902866005897522,0.749896764755249,0.7648463249206543,20.106670379638672,1.135662317276001,0.0,0.68675297498703,0.17217376828193665,0.002575569786131382,0.0013630487956106663,0.029999999329447746,0.03999999910593033,-0.47496435046195984,0.040816325694322586,0.0,1.2456088066101074,0.27848881483078003,0.20441646873950958,0.37036171555519104,19.887393951416016,1.123277187347412,0.0,0.17159441113471985,0.021604061126708984,0.0037728934548795223,0.0019472729181870818,0.0,0.029999999329447746,0.018162546679377556,0.040816325694322586,0.0,0.33861464262008667,0.7062050700187683,True,0.942180871963501,True
25,env000040,12,2.833710193634033,2.833710193634033,0.0,12.968843460083008,1.0,0.0,1.8926124572753906,2.49450945854187,0.0010240720584988594,0.0005202236352488399,0.14000000059604645,0.17999999225139618,-0.2674442529678345,0.23469386994838715,0.0,0.2636404037475586,0.22439421713352203,0.19623097777366638,14.725081443786621,1.1354197263717651,0.0,0.10179146379232407,0.42180177569389343,0.001989513635635376,0.0013026671949774027,0.0,0.009999999776482582,0.13818511366844177,0.13265305757522583,0.0,1.1687456369400024,0.9024345278739929,1.3315554857254028,10.888121604919434,0.8395599722862244,0.0,0.15969760715961456,1.0719733238220215,0.0007528086425736547,0.00030505016911774874,0.0,0.0,0.1934966742992401,0.17346937954425812,0.0,1.5607187747955322,0.27374929189682007,0.23814451694488525,0.17802390456199646,14.65366268157959,1.1299128532409668,0.0,0.1637798696756363,0.24961082637310028,0.0017703090561553836,0.0015090981032699347,0.0,0.029999999329447746,0.052337646484375,0.1428571343421936,0.0,0.12451615929603577,0.6478285193443298,True,0.996066689491272,True
26,env000015,5,2.77779483795166,2.77779483795166,0.0,11.041036605834961,1.0,0.0,1.8607242107391357,2.2653656005859375,0.0007695779204368591,0.000425582256866619,0.08999999612569809,0.09999999403953552,-0.4593610167503357,0.27551019191741943,0.0,0.488511323928833,0.41460591554641724,0.3695269823074341,12.568582534790039,1.1383516788482666,0.0,0.31881335377693176,0.2891397178173065,0.002547371434047818,0.0010269873309880495,0.009999999776482582,0.019999999552965164,-0.42760390043258667,0.1428571343421936,0.0,0.8541969060897827,0.7781429886817932,0.38026952743530273,12.435868263244629,1.1263315677642822,0.0,0.6991183161735535,0.13307607173919678,0.0008322798530571163,0.00026297642034478486,0.029999999329447746,0.03999999910593033,-0.4306378662586212,0.08163265138864517,0.0,0.9700697660446167,1.0137338638305664,0.9080488681793213,0.5284247398376465,12.030311584472656,1.089599847793579,0.0,0.484592467546463,0.26392656564712524,0.002229417208582163,0.0012670829892158508,0.019999999552965164,0.019999999552965164,-0.40825602412223816,0.09183673560619354,0.0,0.34476613998413086,0.8402619957923889,True,0.7705733776092529,True
27,env000015,14,2.3887877464294434,2.3887877464294434,0.0,16.608360290527344,1.0,0.0,1.8456411361694336,1.3520175218582153,0.000987424049526453,0.0005812354502268136,0.07999999821186066,0.09999999403953552,-0.5579525232315063,0.040816325694322586,0.0,0.38872599601745605,0.24430255591869354,0.7221171259880066,18.831695556640625,1.1338684558868408,0.0,0.22679300606250763,0.014725351706147194,0.007257754448801279,0.003078847425058484,0.009999999776482582,0.019999999552965164,-0.2669105529785156,0.020408162847161293,0.0,1.1979444026947021,1.11331045627594,0.42316997051239014,16.841495513916016,1.0140372514724731,0.0,0.9570449590682983,0.0,0.00045570015208795667,0.00012768700253218412,0.03999999910593033,0.04999999701976776,-0.4378545582294464,0.0,0.0,0.9495159387588501,0.9210834503173828,0.7879002690315247,0.6659160256385803,18.08744239807129,1.0890564918518066,0.0,0.632321298122406,0.35562965273857117,0.005121669266372919,0.0021627023816108704,0.029999999329447746,0.029999999329447746,-0.5100857615470886,0.05102040618658066,0.0,0.6364874243736267,0.5954033136367798,True,0.7338294982910156,True
28,env000064,18,1.8350292444229126,1.8350292444229126,0.0,20.521198272705078,1.0,0.0,1.649217128753662,0.4385700225830078,0.0026152138598263264,0.0016658505192026496,0.09999999403953552,0.1599999964237213,-0.2851703464984894,0.08163265138864517,0.0,0.23398378491401672,0.21422241628170013,0.09880682826042175,21.117416381835938,1.029053807258606,0.0,0.18694332242012024,0.06313984841108322,0.006176953669637442,0.004072102718055248,0.009999999776482582,0.009999999776482582,-0.13464270532131195,0.040816325694322586,0.0,0.4001242518424988,0.36024031043052673,0.19941964745521545,20.8135986328125,1.0142487287521362,0.0,0.25529515743255615,0.24804054200649261,0.0030606072396039963,0.0015057036653161049,0.019999999552965164,0.019999999552965164,-0.13464270532131195,0.05102040618658066,0.0,0.8318127989768982,0.2935154438018799,0.2623032033443451,0.15606120228767395,20.96031951904297,1.0213984251022339,0.0,0.17614783346652985,0.039890505373477936,0.005246971268206835,0.0032871647272258997,0.009999999776482582,0.009999999776482582,-0.13464485108852386,0.0714285671710968,0.0,0.12882789969444275,0.8962300419807434,True,0.9628170132637024,True
29,env000015,19,1.8948686122894287,1.8948686122894287,0.0,18.64101791381836,1.0,0.0,1.549272894859314,0.8614725470542908,0.001058169873431325,0.0007494299788959324,0.07000000029802322,0.10999999940395355,-0.511137843132019,0.05102040618658066,0.0,0.44263964891433716,0.32658687233924866,0.5802639126777649,19.895353317260742,1.0672889947891235,0.0,0.287313848733902,0.0795421153306961,0.004606203641742468,0.0015207943506538868,0.019999999552965164,0.019999999552965164,-0.1882878988981247,0.030612245202064514,0.0,0.7750117182731628,0.6555384993553162,0.5973660349845886,20.17361831665039,1.0822166204452515,0.0,0.6464598178863525,0.0,0.0018286865670233965,0.0006366209709085524,0.029999999329447746,0.029999999329447746,-0.43630102276802063,0.0,0.0,0.9307287931442261,0.4686986804008484,0.3965538740158081,0.36072394251823425,19.719274520874023,1.0578432083129883,0.0,0.3392713665962219,0.06371691077947617,0.003182488726451993,0.0010452875867486,0.009999999776482582,0.019999999552965164,-0.4248424768447876,0.020408162847161293,0.0,0.22420944273471832,0.7711296081542969,True,0.9820557832717896,True
30,env000015,4,1.794105052947998,1.794105052947998,0.0,15.15932846069336,1.0,0.0,1.5158807039260864,0.8999847769737244,0.0007565994746983051,0.00037735491059720516,0.05999999865889549,0.07999999821186066,-0.4913743734359741,0.0714285671710968,0.0,0.4286194443702698,0.2802676260471344,0.6535667777061462,17.575590133666992,1.1593910455703735,8.81921878317371e-05,0.25908076763153076,0.004760718438774347,0.005573555827140808,0.00248564756475389,0.019999999552965164,0.019999999552965164,-0.2138267606496811,0.010204081423580647,0.0,0.8547976613044739,0.7238659858703613,0.654658317565918,16.74896240234375,1.1048617362976074,0.0,0.6872663497924805,0.0,0.0013435430591925979,0.0005345375393517315,0.029999999329447746,0.03999999910593033,-0.40054982900619507,0.0,0.0,0.9519187211990356,0.608758270740509,0.5069854259490967,0.5088642239570618,17.20245361328125,1.1347767114639282,0.0,0.48260411620140076,0.00128173828125,0.003072249935939908,0.001271535875275731,0.019999999552965164,0.029999999329447746,-0.3523932993412018,0.010204081423580647,0.0,0.37249690294265747,0.6878925561904907,True,0.8680770993232727,True
31,env000015,18,2.2007994651794434,2.2007994651794434,0.0,15.737552642822266,1.0,0.0,1.5120130777359009,1.1433194875717163,0.0021278837230056524,0.0006508035585284233,0.07999999821186066,0.08999999612569809,-0.29543694853782654,0.09183673560619354,0.0,0.057571910321712494,0.03198796138167381,0.1279197484254837,17.8813533782959,1.136222004890442,0.0,0.025820542126893997,0.00083670619642362,0.002629309892654419,0.001142153749242425,0.0,0.0,0.27842482924461365,0.010204081423580647,0.0,0.10896509885787964,0.06524322926998138,0.21860934793949127,17.148691177368164,1.0896669626235962,0.0,0.02036866918206215,0.014291072264313698,0.0011970578925684094,0.000600244093220681,0.0,0.0,0.33587825298309326,0.030612245202064514,0.0,0.8612820506095886,0.10197116434574127,0.06776031851768494,0.17105421423912048,17.88852310180664,1.136677622795105,0.0,0.05553729087114334,0.0,0.0022088338155299425,0.001007850980386138,0.0,0.0,0.2774040400981903,0.0,0.0,0.34326431155204773,0.9760206341743469,True,0.9792839288711548,True
