variant,environment,path_num,condition_id,source_id,teacher_condition_safe,teacher_candidate_safe,student_candidate_safe,recovery,relative_teacher_error,max_control_point_deviation_m,mode_keep_vs_stage1,mode_match_teacher,teacher_cost,student_cost,teacher_min_esdf,student_min_esdf,newly_unsafe_point_count,newly_unsafe_point_indices,student_max_violation_m
B_cost_only,env000017,2,60,0,False,False,False,0.29210299253463745,0.9841695427894592,1.2784967422485352,True,True,0.5812413096427917,3.0512125492095947,-0.41082724928855896,-0.513207733631134,15,2 3 4 5 6 7 26 27 28 29 30 92 93 94 95,0.513207733631134
B_cost_only,env000017,2,60,1,False,False,False,0.34556618332862854,0.9819456934928894,1.2500947713851929,True,True,0.5498708486557007,2.6086935997009277,-0.40831851959228516,-0.518007755279541,11,2 3 4 26 27 28 29 30 92 93 94,0.518007755279541
B_cost_only,env000017,2,60,2,False,False,False,0.3015502691268921,0.9723259806632996,0.9754752516746521,True,True,0.7084816098213196,2.9054617881774902,-0.3922818601131439,-0.5373607873916626,12,2 3 4 5 25 26 29 30 92 93 94 95,0.5373607873916626
B_cost_only,env000017,2,60,3,False,False,False,0.3001900315284729,0.9955901503562927,1.1307061910629272,True,True,0.6394976377487183,2.98514461517334,-0.33868712186813354,-0.49724966287612915,14,2 3 4 5 6 7 25 26 27 30 92 93 94 95,0.49724966287612915
B_cost_only,env000077,4,61,0,True,True,False,0.22701092064380646,1.415246844291687,1.5527433156967163,True,True,0.17828918993473053,1.1806025505065918,0.02139652520418167,-0.22507159411907196,3,18 19 20,0.22507159411907196
B_cost_only,env000077,4,61,1,True,True,False,0.2975718080997467,1.4080767631530762,1.3923401832580566,True,True,0.16083785891532898,1.0497937202453613,0.05335596576333046,-0.1944352239370346,2,17 18,0.1944352239370346
B_cost_only,env000077,4,61,2,True,False,False,0.37675392627716064,1.4897650480270386,1.3674975633621216,True,True,0.20736172795295715,1.0440306663513184,-0.013855921104550362,-0.15858742594718933,3,17 18 19,0.15858742594718933
B_cost_only,env000077,4,61,3,True,False,False,-2.3790972232818604,1.3373781442642212,1.7625268697738647,True,True,0.25602665543556213,2.605309009552002,-0.2123841494321823,-0.6288093328475952,8,15 16 17 19 20 21 22 23,0.6288093328475952
B_cost_only,env000090,2,62,0,False,False,False,0.12746687233448029,1.4862141609191895,3.127617359161377,True,True,2.465777635574341,4.5102314949035645,-0.6967410445213318,-0.7187663316726685,25,15 16 17 18 22 23 30 31 32 33 34 39 40 41 42 43 44 45 46 47 48 49 50 51 52,0.7187663316726685
B_cost_only,env000090,2,62,1,False,False,False,0.24241329729557037,1.255444049835205,2.320542335510254,True,True,2.196930408477783,5.0217719078063965,-0.6287423968315125,-0.8373396396636963,16,16 17 18 22 23 29 30 31 32 37 38 39 40 41 42 43,0.8373396396636963
B_cost_only,env000090,2,62,2,False,False,False,0.5859041810035706,1.4212660789489746,3.3663856983184814,True,True,2.174522876739502,3.472527503967285,-0.8063240051269531,-0.5967047810554504,19,15 16 17 18 30 33 34 38 43 44 45 46 47 48 49 50 51 52 53,0.5967047810554504
B_cost_only,env000090,2,62,3,False,False,False,0.5655795335769653,1.4627904891967773,3.2478156089782715,True,True,2.2058701515197754,3.465212345123291,-0.7969640493392944,-0.5349330306053162,16,15 16 17 18 33 34 38 45 46 47 48 49 50 51 52 53,0.5349330306053162
B_cost_only,env000088,1,63,0,False,False,False,0.16581033170223236,1.2146350145339966,2.0681233406066895,True,True,1.2378133535385132,4.210489273071289,-0.4314310848712921,-0.6084176898002625,17,48 49 52 53 54 55 56 59 60 61 62 63 64 68 69 70 71,0.6084176898002625
B_cost_only,env000088,1,63,1,False,False,False,0.5347753763198853,1.3996288776397705,2.7240312099456787,False,False,1.1364340782165527,4.913532733917236,-0.595227062702179,-0.7861328721046448,16,54 55 56 57 58 59 60 61 62 63 64 69 70 71 72 73,0.7861328721046448
B_cost_only,env000088,1,63,2,False,False,False,0.6124207973480225,1.237107515335083,2.0911035537719727,True,True,1.0839670896530151,3.323896884918213,-0.7249733209609985,-0.6131004691123962,9,68 69 70 71 72 73 74 75 76,0.6131004691123962
B_cost_only,env000088,1,63,3,False,False,False,-0.8525347709655762,1.2508529424667358,1.5286997556686401,True,True,1.7226463556289673,7.143558979034424,-0.4624922275543213,-0.9941776394844055,16,50 51 52 56 57 58 59 60 61 62 63 64 65 66 71 72,0.9941776394844055
B_cost_only,env000069,2,64,0,False,False,False,0.35547202825546265,1.0500918626785278,1.387855052947998,True,True,0.6782277822494507,3.9455699920654297,-0.263509601354599,-0.8810933232307434,10,6 7 9 10 11 12 13 14 15 16,0.8810933232307434
B_cost_only,env000069,2,64,1,False,False,False,0.34577083587646484,1.0870020389556885,1.2298712730407715,True,True,0.7408705353736877,4.238422393798828,-0.35550007224082947,-0.8987861275672913,10,6 7 9 10 11 12 13 14 15 16,0.8987861275672913
B_cost_only,env000069,2,64,2,False,False,False,0.26133108139038086,0.9958585500717163,1.2187764644622803,True,True,0.4990127682685852,4.072038650512695,-0.05045594274997711,-0.9212530255317688,11,0 5 6 7 9 10 11 12 13 14 15,0.9212530255317688
B_cost_only,env000069,2,64,3,False,False,False,0.2464311122894287,1.061960220336914,1.1730166673660278,True,True,0.890762448310852,4.336699485778809,-0.25082722306251526,-0.8882660269737244,10,0 6 7 8 9 12 13 14 15 16,0.8882660269737244
B_cost_only,env000091,3,65,0,True,True,False,-0.0746917799115181,1.2173582315444946,2.192960262298584,False,False,0.2974468767642975,3.011852979660034,0.18034614622592926,-0.8013404607772827,5,95 96 97 98 99,0.8013404607772827
B_cost_only,env000091,3,65,1,True,True,False,0.17319084703922272,1.002790093421936,1.066377878189087,False,False,0.2899230122566223,2.4868483543395996,0.17734667658805847,-0.8197651505470276,6,94 95 96 97 98 99,0.8197651505470276
B_cost_only,env000091,3,65,2,True,True,False,0.13616329431533813,0.9917901158332825,1.1509044170379639,False,False,0.2811683416366577,2.5644922256469727,0.18667583167552948,-0.8651756048202515,6,94 95 96 97 98 99,0.8651756048202515
B_cost_only,env000091,3,65,3,True,True,False,0.11838556081056595,1.0695420503616333,1.6173162460327148,False,False,0.30296963453292847,2.5384256839752197,0.18787668645381927,-0.8463773131370544,5,95 96 97 98 99,0.8463773131370544
B_cost_only,env000046,4,66,0,False,False,False,0.014171404764056206,1.1103107929229736,1.271410584449768,True,True,0.5725955367088318,3.2666780948638916,-0.3729170262813568,-0.5224407911300659,12,3 4 5 18 21 22 23 24 25 26 27 28,0.5224407911300659
B_cost_only,env000046,4,66,1,False,False,False,-0.15029284358024597,1.2090768814086914,1.0870921611785889,True,True,0.6047365665435791,3.126796007156372,-0.3890568017959595,-0.6034297943115234,11,4 5 17 18 21 22 23 24 25 26 27,0.6034297943115234
B_cost_only,env000046,4,66,2,False,False,False,0.009495197795331478,1.1710457801818848,0.8312520980834961,True,True,0.26192209124565125,2.780629873275757,-0.002537532476708293,-0.3507446348667145,14,3 4 5 6 18 19 20 21 22 23 24 25 27 28,0.3507446348667145
B_cost_only,env000046,4,66,3,False,False,False,0.07689549028873444,1.1426211595535278,1.3123432397842407,True,True,0.5808855891227722,2.9985625743865967,-0.4024356007575989,-0.5064074993133545,10,4 18 21 22 23 24 25 26 27 28,0.5064074993133545
B_cost_only,env000072,0,67,0,False,False,False,0.598922848701477,1.551928997039795,3.4255480766296387,False,False,1.8532719612121582,3.344809055328369,-0.7677779793739319,-0.8301107287406921,9,50 51 52 53 54 55 56 57 58,0.8301107287406921
B_cost_only,env000072,0,67,1,False,False,False,0.084372878074646,1.153691053390503,1.6053520441055298,True,True,1.8346163034439087,4.7799153327941895,-0.6572595238685608,-0.8278601169586182,14,30 31 35 36 37 39 43 44 45 50 51 52 53 54,0.8278601169586182
B_cost_only,env000072,0,67,2,False,False,False,-0.2433502972126007,1.1576796770095825,1.8628997802734375,True,True,1.2195463180541992,6.402050018310547,-0.8607984781265259,-0.9547218084335327,24,22 23 24 25 26 27 28 29 30 31 32 33 34 35 36 43 44 45 46 47 52 53 54 55,0.9547218084335327
B_cost_only,env000072,0,67,3,False,False,False,-0.17343196272850037,1.258143663406372,1.030415654182434,True,True,0.5529154539108276,4.62957763671875,-0.3535214364528656,-0.7299262285232544,14,39 40 43 44 45 46 47 48 49 50 51 52 53 54,0.7299262285232544
B_cost_only,env000087,3,68,0,False,False,False,0.09447906911373138,1.0209239721298218,1.3972511291503906,False,True,4.023743629455566,8.282096862792969,-1.009790301322937,-1.3736237287521362,21,51 52 53 54 55 56 61 62 63 64 65 66 67 68 69 70 71 72 73 83 84,1.3736237287521362
B_cost_only,env000087,3,68,1,False,False,False,0.07420520484447479,1.0885854959487915,1.9744492769241333,False,False,2.7478976249694824,9.035418510437012,-0.7639866471290588,-1.5034441947937012,35,51 52 53 54 55 56 57 58 59 60 61 62 63 64 65 66 67 68 69 70 80 81 82 83 84 85 86 87 88 89 90 91 92 93 94,1.5034441947937012
B_cost_only,env000087,3,68,2,False,False,False,0.20403270423412323,1.144325852394104,1.8441948890686035,False,False,3.375593900680542,8.474940299987793,-0.7884061336517334,-1.39398992061615,18,51 52 55 62 63 68 80 81 83 84 85 86 87 88 89 90 94 95,1.39398992061615
B_cost_only,env000087,3,68,3,False,False,False,-0.030652068555355072,1.0118780136108398,1.359989047050476,True,True,4.082173824310303,8.773736000061035,-1.0409530401229858,-1.4268522262573242,17,50 51 58 59 60 61 62 63 64 65 68 69 70 71 72 83 84,1.4268522262573242
B_cost_only,env000092,2,69,0,False,False,False,-0.06817201524972916,1.090254783630371,1.3362668752670288,True,True,1.822754979133606,7.439338684082031,-0.6694998145103455,-1.1187872886657715,18,5 6 7 8 9 10 11 12 13 14 15 16 17 18 19 20 21 22,1.1187872886657715
B_cost_only,env000092,2,69,1,False,False,False,0.08217354118824005,1.1652233600616455,1.0856133699417114,False,False,2.784910202026367,6.382389545440674,-1.0392348766326904,-1.1948360204696655,6,8 9 10 11 12 13,1.1948360204696655
B_cost_only,env000092,2,69,2,False,False,False,0.16044899821281433,1.102464199066162,1.4412130117416382,False,True,2.1409413814544678,6.640069484710693,-1.0618157386779785,-1.2370861768722534,10,5 6 7 8 9 10 11 12 13 14,1.2370861768722534
B_cost_only,env000092,2,69,3,False,False,False,0.0510706789791584,1.0321545600891113,1.304123044013977,True,True,2.12266206741333,6.826801776885986,-1.0486724376678467,-1.1211286783218384,12,5 6 7 8 9 10 11 12 13 14 15 16,1.1211286783218384
D_induced_coupling,env000017,2,60,0,False,False,False,0.36199262738227844,0.9668723940849304,1.196327567100525,True,True,0.5812413096427917,2.8073558807373047,-0.41082724928855896,-0.4678690433502197,13,4 5 6 7 24 26 27 28 29 30 92 93 94,0.4678690433502197
D_induced_coupling,env000017,2,60,1,False,False,False,0.3688373565673828,0.9350239634513855,1.1378889083862305,True,True,0.5498708486557007,2.5354833602905273,-0.40831851959228516,-0.4127964377403259,12,3 4 5 6 23 24 26 27 28 92 93 94,0.4127964377403259
D_induced_coupling,env000017,2,60,2,False,False,False,0.42796850204467773,0.9046551585197449,1.277906060218811,True,True,0.7084816098213196,2.507812023162842,-0.3922818601131439,-0.5439742803573608,11,3 4 5 6 29 30 31 32 92 93 94,0.5439742803573608
D_induced_coupling,env000017,2,60,3,False,False,False,0.4596322178840637,0.9172906279563904,1.0751864910125732,True,True,0.6394976377487183,2.45072078704834,-0.33868712186813354,-0.4651620388031006,9,4 5 6 26 27 30 92 93 94,0.4651620388031006
D_induced_coupling,env000077,4,61,0,True,True,False,0.22966112196445465,0.993209719657898,0.8435472249984741,True,True,0.17828918993473053,1.1771661043167114,0.02139652520418167,-0.27523043751716614,5,11 12 13 14 15,0.27523043751716614
D_induced_coupling,env000077,4,61,1,True,True,False,0.3815159499645233,0.9626002311706543,0.7814781069755554,True,True,0.16083785891532898,0.9435584545135498,0.05335596576333046,-0.20325013995170593,4,12 13 14 15,0.20325013995170593
D_induced_coupling,env000077,4,61,2,True,False,False,0.2580392360687256,0.973811686038971,0.7515948414802551,True,True,0.20736172795295715,1.2033977508544922,-0.013855921104550362,-0.2829868495464325,4,11 12 13 15,0.2829868495464325
D_induced_coupling,env000077,4,61,3,True,False,False,0.28216928243637085,0.9434441328048706,0.7062637805938721,True,True,0.25602665543556213,0.7550910115242004,-0.2123841494321823,-0.23931334912776947,2,16 17,0.23931334912776947
D_induced_coupling,env000090,2,62,0,False,False,False,-0.13596421480178833,1.0705668926239014,1.2947314977645874,True,True,2.465777635574341,5.127483367919922,-0.6967410445213318,-0.7231117486953735,25,16 17 18 22 23 30 31 32 33 34 39 40 41 42 43 44 45 46 47 48 49 50 51 52 53,0.7231117486953735
D_induced_coupling,env000090,2,62,1,False,False,False,0.16085802018642426,1.0682566165924072,1.475052833557129,True,True,2.196930408477783,5.325870037078857,-0.6287423968315125,-0.8244399428367615,13,22 23 24 25 29 30 31 32 37 38 39 40 41,0.8244399428367615
D_induced_coupling,env000090,2,62,2,False,False,False,0.37098827958106995,1.1217509508132935,1.788172721862793,True,True,2.174522876739502,4.14619255065918,-0.8063240051269531,-0.5874069333076477,17,15 16 17 18 22 29 30 33 34 45 46 47 48 49 50 51 52,0.5874069333076477
D_induced_coupling,env000090,2,62,3,False,False,False,0.44953784346580505,1.1053377389907837,1.9319339990615845,True,True,2.2058701515197754,3.801605701446533,-0.7969640493392944,-0.6240370869636536,12,16 17 18 30 33 34 48 49 50 51 52 53,0.6240370869636536
D_induced_coupling,env000088,1,63,0,False,False,False,-0.2742359936237335,1.119145154953003,1.515406847000122,True,True,1.2378133535385132,5.778615951538086,-0.4314310848712921,-0.43432527780532837,8,47 48 49 52 53 62 63 64,0.43432527780532837
D_induced_coupling,env000088,1,63,1,False,False,False,0.5729610919952393,1.115037202835083,2.2503652572631836,True,True,1.1364340782165527,4.6035075187683105,-0.595227062702179,-0.7259386777877808,14,41 42 43 44 45 55 59 60 61 62 63 64 69 70,0.7259386777877808
D_induced_coupling,env000088,1,63,2,False,False,False,0.3446718752384186,1.0310426950454712,1.3070522546768188,True,True,1.0839670896530151,4.871293544769287,-0.7249733209609985,-0.9006184935569763,16,54 55 56 57 58 59 60 61 62 63 64 68 69 70 71 72,0.9006184935569763
D_induced_coupling,env000088,1,63,3,False,False,False,-1.4775168895721436,1.255871295928955,2.002596139907837,True,True,1.7226463556289673,8.972390174865723,-0.4624922275543213,-1.0239685773849487,15,50 51 52 56 57 58 59 60 61 62 63 64 65 66 71,1.0239685773849487
D_induced_coupling,env000069,2,64,0,False,False,False,-0.005247661843895912,1.008533239364624,1.0961703062057495,True,True,0.6782277822494507,5.774186611175537,-0.263509601354599,-0.5583246350288391,10,0 1 2 5 6 7 9 10 11 12,0.5583246350288391
D_induced_coupling,env000069,2,64,1,False,False,False,-0.19525404274463654,1.0164388418197632,1.1097732782363892,True,True,0.7408705353736877,7.130776882171631,-0.35550007224082947,-0.4773624539375305,9,2 5 6 7 9 10 11 12 13,0.4773624539375305
D_induced_coupling,env000069,2,64,2,False,False,False,-0.5370944738388062,1.0709363222122192,1.1754084825515747,True,True,0.4990127682685852,7.9341139793396,-0.05045594274997711,-0.539416491985321,8,5 6 7 9 10 11 12 13,0.539416491985321
D_induced_coupling,env000069,2,64,3,False,False,False,-0.5946873426437378,1.005993127822876,1.0787657499313354,True,True,0.890762448310852,8.182985305786133,-0.25082722306251526,-0.46898919343948364,7,2 6 7 8 9 12 13,0.46898919343948364
D_induced_coupling,env000091,3,65,0,True,True,False,0.46334710717201233,1.0713169574737549,2.534515619277954,False,False,0.2974468767642975,1.6528996229171753,0.18034614622592926,-0.6337902545928955,5,94 95 96 97 98,0.6337902545928955
D_induced_coupling,env000091,3,65,1,True,True,False,0.49781355261802673,0.9501270651817322,0.8520320653915405,False,True,0.2899230122566223,1.6242891550064087,0.17734667658805847,-0.5889843702316284,6,94 95 96 97 98 99,0.5889843702316284
D_induced_coupling,env000091,3,65,2,True,True,False,0.42391401529312134,0.9442779421806335,0.8765783905982971,False,True,0.2811683416366577,1.8038992881774902,0.18667583167552948,-0.6829429864883423,6,94 95 96 97 98 99,0.6829429864883423
D_induced_coupling,env000091,3,65,3,True,True,False,0.2772449553012848,0.9582732319831848,1.223803997039795,True,True,0.30296963453292847,2.135615587234497,0.18787668645381927,-0.6287773847579956,9,66 67 68 94 95 96 97 98 99,0.6287773847579956
D_induced_coupling,env000046,4,66,0,False,False,False,0.21261128783226013,0.9782419204711914,1.5600320100784302,True,True,0.5725955367088318,2.724379539489746,-0.3729170262813568,-0.36349332332611084,12,6 21 22 23 24 25 26 27 28 29 30 31,0.36349332332611084
D_induced_coupling,env000046,4,66,1,False,False,False,-0.07788854837417603,1.0298540592193604,1.0593503713607788,True,True,0.6047365665435791,2.9680469036102295,-0.3890568017959595,-0.5977392792701721,10,17 18 21 22 23 24 25 26 27 28,0.5977392792701721
D_induced_coupling,env000046,4,66,2,False,False,False,0.2150786817073822,1.0316545963287354,1.028685450553894,True,True,0.26192209124565125,2.257861375808716,-0.002537532476708293,-0.28782573342323303,11,4 5 6 7 8 9 10 11 21 30 31,0.28782573342323303
D_induced_coupling,env000046,4,66,3,False,False,False,0.1620883345603943,1.0049773454666138,1.411705493927002,True,True,0.5808855891227722,2.7754364013671875,-0.4024356007575989,-0.4678390920162201,9,21 22 23 24 25 26 27 28 29,0.4678390920162201
D_induced_coupling,env000072,0,67,0,False,False,False,-0.011802488937973976,1.1900699138641357,2.4186296463012695,False,False,1.8532719612121582,5.615991592407227,-0.7677779793739319,-0.6628859639167786,15,23 24 25 26 27 28 45 50 51 52 53 54 55 56 57,0.6628859639167786
D_induced_coupling,env000072,0,67,1,False,False,False,0.034730516374111176,0.992275595664978,1.8466320037841797,True,True,1.8346163034439087,4.939599990844727,-0.6572595238685608,-0.8809863328933716,17,35 36 37 38 39 40 41 42 43 44 45 50 51 52 53 54 55,0.8809863328933716
D_induced_coupling,env000072,0,67,2,False,False,False,0.4100050926208496,1.0262786149978638,1.8316341638565063,True,True,1.2195463180541992,3.6787493228912354,-0.8607984781265259,-0.8631059527397156,12,35 36 37 39 52 53 54 55 56 57 58 59,0.8631059527397156
D_induced_coupling,env000072,0,67,3,False,False,False,0.032980360090732574,1.0100022554397583,1.1718556880950928,True,True,0.5529154539108276,3.912473201751709,-0.3535214364528656,-0.5703238844871521,14,40 43 44 45 46 47 48 49 50 51 52 53 54 55,0.5703238844871521
D_induced_coupling,env000087,3,68,0,False,False,False,0.041402798146009445,1.0036429166793823,1.4449063539505005,True,False,4.023743629455566,8.531696319580078,-1.009790301322937,-1.444415807723999,18,54 55 56 61 62 63 64 65 66 67 68 69 70 71 72 73 83 84,1.444415807723999
D_induced_coupling,env000087,3,68,1,False,False,False,0.052061766386032104,1.0419470071792603,1.8896472454071045,False,False,2.7478976249694824,9.185805320739746,-0.7639866471290588,-1.5965464115142822,34,54 55 56 57 58 59 60 61 62 63 64 65 66 67 68 69 70 80 81 82 83 84 85 86 87 88 89 90 91 92 93 94 95 96,1.5965464115142822
D_induced_coupling,env000087,3,68,2,False,False,False,0.13160231709480286,1.0488618612289429,1.6601399183273315,True,True,3.375593900680542,8.938963890075684,-0.7884061336517334,-1.5206040143966675,16,55 62 63 68 80 81 83 84 85 86 87 88 89 90 94 95,1.5206040143966675
D_induced_coupling,env000087,3,68,3,False,False,False,0.05688043683767319,0.9872880578041077,1.4574096202850342,True,True,4.082173824310303,8.375285148620605,-1.0409530401229858,-1.426188349723816,16,51 58 59 60 61 62 63 64 65 68 69 70 71 72 83 84,1.426188349723816
D_induced_coupling,env000092,2,69,0,False,False,False,0.13373473286628723,0.8741191029548645,0.9982784390449524,True,True,1.822754979133606,6.377687454223633,-0.6694998145103455,-0.9080467820167542,17,5 6 7 8 9 10 11 12 13 14 15 16 17 18 19 20 21,0.9080467820167542
D_induced_coupling,env000092,2,69,1,False,False,False,0.2186063528060913,0.9048861265182495,0.7358812689781189,False,True,2.784910202026367,5.84763240814209,-1.0392348766326904,-0.950959324836731,9,8 9 10 11 12 13 14 15 16,0.950959324836731
D_induced_coupling,env000092,2,69,2,False,False,False,0.26525065302848816,0.924804151058197,1.0421289205551147,False,True,2.1409413814544678,6.0784406661987305,-1.0618157386779785,-0.9534632563591003,12,5 6 7 8 9 10 11 12 13 14 15 16,0.9534632563591003
D_induced_coupling,env000092,2,69,3,False,False,False,0.1468094438314438,0.9332800507545471,0.9966166019439697,True,True,2.12266206741333,6.352194786071777,-1.0486724376678467,-0.9347310066223145,15,5 6 7 8 9 10 11 12 13 14 15 16 17 18 19,0.9347310066223145
