map_id,condition_id,source_id,path_num,strict_safe,max_esdf_violation,safe_cost,path_length,curvature_max,curvature_exceedance,jerk,endpoint_yaw_error,self_intersection,abnormal,mode_label,length_chord_ratio
env000010,0,0,0,False,0.5585494041442871,2.903521776199341,17.10516357421875,3.1959989070892334,0.010204081423580647,0.00018448523769620806,0.11499659717082977,False,False,1,1.0028390884399414
env000010,0,1,0,False,0.5607437491416931,2.8397533893585205,17.13547134399414,3.9901225566864014,0.010204081423580647,0.00017480798123870045,0.03976866602897644,False,False,1,1.0046160221099854
env000010,0,2,0,False,0.5266065001487732,2.7137765884399414,17.22483253479004,3.4586308002471924,0.020408162847161293,0.00017595342069398612,0.04701261594891548,False,False,-1,1.009855031967163
env000010,0,3,0,False,0.510492205619812,2.6197636127471924,17.156471252441406,3.7982780933380127,0.010204081423580647,0.00032364350045099854,0.08323460817337036,False,False,0,1.0058470964431763
env000010,0,4,0,False,0.5504562258720398,2.7228872776031494,17.304019927978516,4.989784240722656,0.010204081423580647,0.00044195359805598855,0.09900883585214615,False,False,1,1.0144976377487183
env000010,0,5,0,False,0.552322506904602,2.563971757888794,17.252010345458984,2.1211817264556885,0.010204081423580647,0.00011054192873416469,0.09102226793766022,False,False,-1,1.0114483833312988
env000010,0,6,0,False,0.42979589104652405,1.7557096481323242,17.183853149414062,1.7184332609176636,0.010204081423580647,8.000199886737391e-05,0.11721854656934738,False,False,-1,1.0074524879455566
env000010,0,7,0,False,0.5396451354026794,2.7913200855255127,17.219863891601562,4.643618583679199,0.010204081423580647,0.00045901123667135835,0.16174201667308807,False,False,1,1.009563684463501
env000010,0,8,0,False,0.49359065294265747,2.545173168182373,17.14126205444336,3.7822422981262207,0.010204081423580647,0.00035752952680923045,0.214528426527977,False,False,-1,1.0049554109573364
env000010,0,9,0,False,0.5565027594566345,2.835540294647217,17.12810516357422,4.254082202911377,0.010204081423580647,0.0003838276315946132,0.1549290418624878,False,False,0,1.0041841268539429
env000010,0,10,0,False,0.5312512516975403,2.61320424079895,17.092811584472656,3.728015899658203,0.010204081423580647,0.00018466876645106822,0.14490510523319244,False,False,-1,1.0021148920059204
env000010,0,11,0,False,0.5481505393981934,2.7711286544799805,17.153522491455078,2.0556845664978027,0.010204081423580647,0.00014999756240285933,0.10236769914627075,False,False,-1,1.0056742429733276
env000010,0,12,0,False,0.5619005560874939,2.9534037113189697,17.253711700439453,4.142662048339844,0.010204081423580647,0.0002762192743830383,0.24388387799263,False,False,-1,1.0115481615066528
env000010,0,13,0,False,0.569109320640564,2.6587634086608887,17.13243293762207,3.190981864929199,0.010204081423580647,0.0001904232194647193,0.08438622206449509,False,False,0,1.004437804222107
env000010,0,14,0,False,0.4578401446342468,2.101262092590332,17.216785430908203,2.1761882305145264,0.010204081423580647,7.980306691024452e-05,0.04541684687137604,False,False,-1,1.009383201599121
env000010,0,15,0,False,0.4648905098438263,2.1579644680023193,17.188840866088867,2.419051170349121,0.010204081423580647,0.00021438188559841365,0.08269001543521881,False,False,-1,1.0077449083328247
env000010,0,16,0,False,0.529565691947937,2.667771100997925,17.249103546142578,5.731748580932617,0.020408162847161293,0.0008742039208300412,0.29947414994239807,False,False,1,1.0112780332565308
env000010,0,17,0,False,0.44310083985328674,1.9722301959991455,17.1368408203125,2.1757545471191406,0.010204081423580647,7.851205737097189e-05,0.031001970171928406,False,False,-1,1.004696249961853
env000010,0,18,0,False,0.5301031470298767,2.6673638820648193,17.12366485595703,3.3757424354553223,0.010204081423580647,0.00015355198411270976,0.12173497676849365,False,False,-1,1.003923773765564
env000010,0,19,0,False,0.5628715753555298,2.9719245433807373,17.114749908447266,4.48785400390625,0.010204081423580647,0.0003093732229899615,0.09119640290737152,False,False,1,1.0034011602401733
env000010,0,20,0,False,0.5140536427497864,2.4984569549560547,17.126522064208984,4.00819206237793,0.010204081423580647,0.00021544401533901691,0.1485905647277832,False,False,-1,1.0040912628173828
env000010,0,21,0,False,0.549235999584198,2.669550657272339,17.298240661621094,4.157127857208252,0.010204081423580647,0.0003072508843615651,0.14046494662761688,False,False,1,1.014158844947815
env000010,0,22,0,False,0.5436259508132935,2.8571670055389404,17.227123260498047,6.923221111297607,0.010204081423580647,0.0003863030578941107,0.25670188665390015,False,False,1,1.0099893808364868
env000010,0,23,0,False,0.5462309122085571,2.909656524658203,17.11336898803711,4.283514022827148,0.010204081423580647,0.0002411846217000857,0.12261848151683807,False,False,1,1.0033202171325684
env000010,0,24,0,False,0.5631986856460571,2.8506741523742676,17.228551864624023,2.2930407524108887,0.010204081423580647,0.0001908386911964044,0.10140418261289597,False,False,0,1.0100730657577515
env000010,0,25,0,False,0.5595723986625671,3.096339702606201,17.14655876159668,4.053701400756836,0.010204081423580647,0.00042535492684692144,0.20273447036743164,False,False,-1,1.0052659511566162
env000010,0,26,0,False,0.566457211971283,2.939293146133423,17.124250411987305,5.439922332763672,0.010204081423580647,0.00024589538224972785,0.18105065822601318,False,False,1,1.0039581060409546
env000010,0,27,0,False,0.5506129860877991,2.7817461490631104,17.116668701171875,2.696890115737915,0.010204081423580647,0.00011708983220160007,0.14926016330718994,False,False,0,1.0035135746002197
env000010,0,28,0,False,0.5101937651634216,2.380202293395996,17.273841857910156,4.175879955291748,0.010204081423580647,0.00040359643753618,0.18091854453086853,False,False,-1,1.0127283334732056
env000010,0,29,0,False,0.528811514377594,2.6035780906677246,17.196372985839844,3.842360734939575,0.010204081423580647,0.00025330521748401225,0.08388417959213257,False,False,-1,1.0081864595413208
env000010,0,30,0,False,0.4619315266609192,2.2814362049102783,17.211654663085938,3.914606809616089,0.010204081423580647,0.00023968025925569236,0.08595049381256104,False,False,-1,1.0090824365615845
env000010,0,31,0,False,0.4260568618774414,2.0007879734039307,17.175640106201172,5.103661060333252,0.010204081423580647,0.00020930959726683795,0.13926753401756287,False,False,-1,1.006971001625061
env000020,1,0,0,False,0.47769421339035034,4.29229736328125,12.307904243469238,7.9068827629089355,0.0714285671710968,0.000217275635804981,0.33014732599258423,False,False,1,1.038720965385437
env000020,1,1,0,False,0.5271827578544617,4.371881484985352,12.30184555053711,5.236905574798584,0.06122449040412903,0.0001470088609494269,0.21131348609924316,False,False,1,1.0382095575332642
env000020,1,2,0,False,0.20366215705871582,0.7439505457878113,12.205379486083984,2.7690820693969727,0.06122449040412903,0.00015299477672670037,0.07246536016464233,False,False,-1,1.0300683975219727
env000020,1,3,0,False,0.10930480062961578,1.8178507089614868,12.135107040405273,6.96083927154541,0.0714285671710968,0.0002842182875610888,0.3160897493362427,False,False,-1,1.0241377353668213
env000020,1,4,0,False,0.5511978268623352,4.380756378173828,12.218306541442871,2.0936243534088135,0.05102040618658066,0.0001160650426754728,0.3180178999900818,False,False,1,1.0311594009399414
env000020,1,5,0,False,0.5738769769668579,5.001242160797119,12.23296070098877,3.80997896194458,0.05102040618658066,0.00016132439486682415,0.2271186113357544,False,False,0,1.0323960781097412
env000020,1,6,0,False,0.304198682308197,2.659078598022461,12.165984153747559,5.261476993560791,0.0714285671710968,0.00022721881396137178,0.30271148681640625,False,False,-1,1.0267436504364014
env000020,1,7,0,False,0.28751832246780396,2.8409156799316406,12.219860076904297,2.407499313354492,0.05102040618658066,0.00012333276390563697,0.05775618553161621,False,False,-1,1.0312904119491577
env000020,1,8,0,False,0.31127628684043884,2.77101731300354,12.279707908630371,8.5121431350708,0.0714285671710968,0.0003248130960855633,0.32994526624679565,False,False,0,1.0363413095474243
env000020,1,9,0,False,0.45183899998664856,3.701498031616211,12.240887641906738,3.8778841495513916,0.06122449040412903,0.00015235616592690349,0.06435466557741165,False,False,0,1.0330650806427002
env000020,1,10,0,False,0.5757126212120056,4.984127044677734,12.458402633666992,7.736062526702881,0.09183673560619354,0.0002742811047937721,0.2093631625175476,False,False,1,1.051422119140625
env000020,1,11,0,False,0.0028167690616101027,0.8744996190071106,12.18179702758789,2.5801022052764893,0.05102040618658066,0.00014254638517741114,0.16991537809371948,False,False,-1,1.0280781984329224
env000020,1,12,0,False,0.3906921148300171,3.3825080394744873,12.218040466308594,3.8945260047912598,0.06122449040412903,0.00015060372243169695,0.13906443119049072,False,False,0,1.0311368703842163
env000020,1,13,0,False,0.37932437658309937,3.388387441635132,12.315179824829102,9.90395450592041,0.09183673560619354,0.00036240540794096887,0.3168466091156006,False,False,0,1.0393348932266235
env000020,1,14,0,True,0.0,0.6562269926071167,12.189680099487305,1.8998255729675293,0.040816325694322586,0.00012440379941836,0.29421672224998474,False,False,-1,1.0287433862686157
env000020,1,15,0,True,0.0,0.4332018792629242,12.156047821044922,2.502249002456665,0.040816325694322586,0.0001392448612023145,0.406659334897995,False,False,-1,1.0259050130844116
env000020,1,16,0,False,0.3672317862510681,3.4850614070892334,12.634824752807617,10.6110258102417,0.10204081237316132,0.0006858101114630699,0.42280375957489014,False,False,1,1.066311240196228
env000020,1,17,0,False,0.020843505859375,0.8116239309310913,12.201092720031738,4.6211018562316895,0.05102040618658066,0.0002026981528615579,0.24859154224395752,False,False,-1,1.029706597328186
env000020,1,18,0,False,0.2831070125102997,2.492114305496216,12.325687408447266,5.213500022888184,0.09183673560619354,0.00019029987743124366,0.14385449886322021,False,False,0,1.0402216911315918
env000020,1,19,0,False,0.43909919261932373,3.6215085983276367,12.164862632751465,2.858107328414917,0.06122449040412903,0.00012706790585070848,0.37391895055770874,False,False,0,1.026648998260498
env000020,1,20,0,False,0.15930688381195068,1.0834189653396606,12.175644874572754,1.9432530403137207,0.040816325694322586,0.0001077904089470394,0.2810041308403015,False,False,-1,1.0275589227676392
env000020,1,21,0,False,0.5848038792610168,4.600311279296875,12.17735767364502,3.0605151653289795,0.06122449040412903,0.00012438885460142046,0.38585734367370605,False,False,0,1.0277035236358643
env000020,1,22,0,False,0.539080798625946,4.5134196281433105,12.2168607711792,3.1661057472229004,0.05102040618658066,0.0001226581516675651,0.18188588321208954,False,False,0,1.0310373306274414
env000020,1,23,0,False,0.5806502103805542,4.9882612228393555,12.392821311950684,12.636764526367188,0.08163265138864517,0.00045632483670488,0.3493306636810303,False,False,1,1.0458874702453613
env000020,1,24,0,False,0.4793488085269928,4.6585869789123535,12.253762245178223,10.943279266357422,0.08163265138864517,0.0004604168061632663,0.33343642950057983,False,False,1,1.0341516733169556
env000020,1,25,0,False,0.23423615097999573,2.612933874130249,12.275386810302734,4.7802276611328125,0.0714285671710968,0.00015820763655938208,0.13837242126464844,False,False,-1,1.0359766483306885
env000020,1,26,0,True,0.0,0.5332523584365845,12.153244018554688,2.0971755981445312,0.05102040618658066,0.0001715321559458971,0.3918200433254242,False,False,-1,1.0256683826446533
env000020,1,27,0,False,0.3916183114051819,3.3925607204437256,12.201864242553711,1.8656851053237915,0.030612245202064514,9.86984305200167e-05,0.19307833909988403,False,False,0,1.0297716856002808
env000020,1,28,0,False,0.9058012962341309,6.243600845336914,12.398665428161621,3.363189220428467,0.08163265138864517,0.00017039009253494442,0.08151470869779587,False,False,1,1.046380639076233
env000020,1,29,0,False,0.2942749261856079,3.3941490650177,12.247255325317383,12.39741039276123,0.08163265138864517,0.0004392238624859601,0.4293484389781952,False,False,-1,1.0336024761199951
env000020,1,30,0,False,0.42585864663124084,3.671403408050537,12.219420433044434,9.130915641784668,0.0714285671710968,0.00032018753699958324,0.2964388132095337,False,False,0,1.0312533378601074
env000020,1,31,0,False,0.40966179966926575,3.5167489051818848,12.221147537231445,1.9370436668395996,0.040816325694322586,0.0001253155351150781,0.15119165182113647,False,False,0,1.031399130821228
env000022,2,0,0,True,0.0,0.639945924282074,10.693826675415039,9.786611557006836,0.26530611515045166,0.00027251520077697933,0.20795929431915283,False,False,1,1.2950150966644287
env000022,2,1,0,True,0.0,1.8518263101577759,10.516305923461914,23.584190368652344,0.2142857164144516,0.0010588939767330885,0.7098069190979004,False,False,1,1.2735174894332886
env000022,2,2,0,True,0.0,0.4093596041202545,10.942729949951172,6.054890155792236,0.20408162474632263,0.00016210558533202857,0.1424984335899353,False,False,1,1.3251571655273438
env000022,2,3,0,True,0.0,0.2513154149055481,10.461069107055664,3.3541877269744873,0.2551020383834839,0.00015843605797272176,0.07720178365707397,False,False,0,1.2668282985687256
env000022,2,4,0,True,0.0,0.17486433684825897,10.684734344482422,2.603320837020874,0.2142857164144516,0.00010291262879036367,0.08626168966293335,False,False,1,1.2939140796661377
env000022,2,5,0,True,0.0,0.6752139329910278,11.142986297607422,7.638224124908447,0.22448979318141937,0.00024105784541461617,0.2685958743095398,False,False,1,1.3494080305099487
env000022,2,6,0,True,0.0,1.7952990531921387,10.398918151855469,36.29698181152344,0.2551020383834839,0.005180003121495247,0.4422953426837921,False,False,1,1.2593019008636475
env000022,2,7,0,True,0.0,1.8749960660934448,10.721049308776855,18.021751403808594,0.2551020383834839,0.0007067203987389803,0.8405575752258301,False,False,1,1.2983118295669556
env000022,2,8,0,True,0.0,1.6231014728546143,10.442538261413574,17.941286087036133,0.2857142686843872,0.0008594819810241461,0.5987380743026733,False,False,1,1.2645843029022217
env000022,2,9,0,True,0.0,0.29707515239715576,10.79684829711914,3.18247652053833,0.15306122601032257,0.00014495076902676374,0.2544483542442322,False,False,1,1.3074909448623657
env000022,2,10,0,True,0.0,0.692225992679596,10.730624198913574,8.297953605651855,0.23469386994838715,0.0002506893943063915,0.2906699776649475,False,False,1,1.2994712591171265
env000022,2,11,0,True,0.0,0.29179123044013977,11.206988334655762,4.049428462982178,0.19387754797935486,0.00018101197201758623,0.09342998266220093,False,False,1,1.3571586608886719
env000022,2,12,0,True,0.0,2.418067216873169,10.641220092773438,25.713857650756836,0.27551019191741943,0.0020474169868975878,1.212730884552002,False,False,1,1.288644552230835
env000022,2,13,0,True,0.0,0.6638045310974121,10.623414993286133,8.089727401733398,0.27551019191741943,0.00022308423649519682,0.2354305386543274,False,False,1,1.2864882946014404
env000022,2,14,0,True,0.0,0.44475099444389343,10.591446876525879,5.974661350250244,0.2551020383834839,0.0002099605480907485,0.10930746793746948,False,False,1,1.2826169729232788
env000022,2,15,0,True,0.0,1.3536789417266846,10.62910270690918,16.203868865966797,0.23469386994838715,0.0009599023615010083,0.49019956588745117,False,False,1,1.2871770858764648
env000022,2,16,0,True,0.0,0.1549065262079239,10.512191772460938,1.8605082035064697,0.22448979318141937,8.270608668681234e-05,0.10508555173873901,False,False,1,1.2730193138122559
env000022,2,17,0,True,0.0,0.6173268556594849,10.680852890014648,8.818366050720215,0.26530611515045166,0.0003380954440217465,0.18731743097305298,False,False,1,1.293444037437439
env000022,2,18,0,True,0.0,0.6399393081665039,10.523580551147461,10.747832298278809,0.2448979616165161,0.00030198105378076434,0.18140918016433716,False,False,1,1.2743984460830688
env000022,2,19,0,True,0.0,0.24159952998161316,10.78199291229248,4.671396732330322,0.22448979318141937,0.00011058786913054064,0.026975572109222412,False,False,1,1.3056919574737549
env000022,2,20,0,True,0.0,1.6508159637451172,10.898429870605469,20.345027923583984,0.23469386994838715,0.0007840083562768996,0.6655018925666809,False,False,1,1.31979238986969
env000022,2,21,0,True,0.0,0.7460881471633911,11.266631126403809,8.719931602478027,0.22448979318141937,0.00022248174354899675,0.3673769235610962,False,False,1,1.3643813133239746
env000022,2,22,0,True,0.0,0.40675193071365356,10.585531234741211,5.738139629364014,0.2551020383834839,0.0001830753026297316,0.0728878378868103,False,False,1,1.2819006443023682
env000022,2,23,0,True,0.0,0.7265275120735168,10.75883960723877,8.904362678527832,0.2448979616165161,0.00020307044906076044,0.2829756736755371,False,False,1,1.3028881549835205
env000022,2,24,0,True,0.0,0.7625823616981506,10.642313003540039,11.721940994262695,0.2448979616165161,0.000474736065370962,0.21859067678451538,False,False,1,1.2887768745422363
env000022,2,25,0,True,0.0,1.3053098917007446,10.64726734161377,17.446199417114258,0.23469386994838715,0.0007982636452652514,0.4695514738559723,False,False,1,1.2893768548965454
env000022,2,26,0,True,0.0,0.3184572756290436,10.315895080566406,6.675449848175049,0.20408162474632263,0.00016059116751421243,0.052342355251312256,False,False,0,1.2492479085922241
env000022,2,27,0,True,0.0,1.3035008907318115,10.639820098876953,14.275606155395508,0.27551019191741943,0.0005367962876334786,0.5340529680252075,False,False,1,1.2884749174118042
env000022,2,28,0,True,0.0,1.2131750583648682,10.752202987670898,14.527044296264648,0.2448979616165161,0.0006115820724517107,0.49329930543899536,False,False,1,1.3020844459533691
env000022,2,29,0,True,0.0,2.736124038696289,10.830270767211914,30.544591903686523,0.2551020383834839,0.0035217187833040953,1.022537112236023,False,False,1,1.3115384578704834
env000022,2,30,0,True,0.0,0.41137146949768066,11.266233444213867,5.283014297485352,0.20408162474632263,0.00026783617795445025,0.1254136562347412,False,False,1,1.364333152770996
env000022,2,31,0,True,0.0,1.053026556968689,11.014944076538086,11.647000312805176,0.23469386994838715,0.0003319516545161605,0.4904923439025879,False,False,1,1.3339022397994995
env000027,3,0,0,True,0.0,0.18373726308345795,12.881836891174316,3.350032091140747,0.020408162847161293,7.902696961537004e-05,0.09994843602180481,False,False,0,1.0055524110794067
env000027,3,1,0,True,0.0,0.20192287862300873,12.908283233642578,3.9226326942443848,0.020408162847161293,8.310651173815131e-05,0.11711619049310684,False,False,1,1.0076168775558472
env000027,3,2,0,True,0.0,0.288434237241745,12.883073806762695,3.958869695663452,0.020408162847161293,0.00012613830040208995,0.22306883335113525,False,False,-1,1.0056489706039429
env000027,3,3,0,True,0.0,0.5273294448852539,13.003290176391602,7.57042121887207,0.020408162847161293,0.00015990827523637563,0.36007463932037354,False,False,-1,1.0150330066680908
env000027,3,4,0,True,0.0,0.13218198716640472,12.841497421264648,2.8345272541046143,0.020408162847161293,6.41314109088853e-05,0.06796285510063171,False,False,0,1.0024036169052124
env000027,3,5,0,True,0.0,0.08218412101268768,12.88237190246582,1.2594263553619385,0.0,3.797322642640211e-05,0.12909451127052307,False,False,1,1.005594253540039
env000027,3,6,0,True,0.0,0.18853802978992462,12.911684036254883,3.8936922550201416,0.020408162847161293,0.00012431612412910908,0.129919171333313,False,False,-1,1.0078823566436768
env000027,3,7,0,True,0.0,0.23439262807369232,12.903827667236328,3.0256617069244385,0.020408162847161293,0.00010362226748839021,0.1915215700864792,False,False,0,1.007269024848938
env000027,3,8,0,True,0.0,0.11533545702695847,12.85604476928711,2.5865085124969482,0.020408162847161293,7.442063360940665e-05,0.07982948422431946,False,False,0,1.0035390853881836
env000027,3,9,0,True,0.0,0.7101402878761292,13.0330810546875,10.530345916748047,0.040816325694322586,0.00045189581578597426,0.34839463233947754,False,False,0,1.0173585414886475
env000027,3,10,0,True,0.0,0.3775155544281006,12.876094818115234,6.028224945068359,0.020408162847161293,0.00010699137055780739,0.20066803693771362,False,False,0,1.0051041841506958
env000027,3,11,0,True,0.0,0.326382577419281,12.943129539489746,4.7894392013549805,0.020408162847161293,9.060738375410438e-05,0.20796653628349304,False,False,-1,1.0103368759155273
env000027,3,12,0,True,0.0,0.6775038838386536,12.968162536621094,9.287378311157227,0.020408162847161293,0.0003211540461052209,0.3815016746520996,False,False,0,1.0122909545898438
env000027,3,13,0,True,0.0,0.13062751293182373,12.940347671508789,3.294537305831909,0.020408162847161293,9.236247569788247e-05,0.09530528634786606,False,False,1,1.0101197957992554
env000027,3,14,0,True,0.0,0.1710309386253357,12.833951950073242,3.9767215251922607,0.020408162847161293,6.800895789638162e-05,0.10119849443435669,False,False,0,1.001814603805542
env000027,3,15,0,True,0.0,0.13126854598522186,12.850563049316406,3.21970272064209,0.020408162847161293,7.055147580103949e-05,0.09410962462425232,False,False,1,1.0031112432479858
env000027,3,16,0,True,0.0,0.08994197100400925,12.852998733520508,2.5300872325897217,0.010204081423580647,5.716156374546699e-05,0.07788276672363281,False,False,1,1.0033013820648193
env000027,3,17,0,True,0.0,0.738234281539917,13.093918800354004,16.15127944946289,0.020408162847161293,0.0019241588888689876,0.1916877031326294,False,False,1,1.022107481956482
env000027,3,18,0,True,0.0,0.1316785365343094,13.14454460144043,4.225045204162598,0.010204081423580647,7.441598427249119e-05,0.04835548996925354,False,False,1,1.0260593891143799
env000027,3,19,0,True,0.0,0.42832696437835693,12.86532974243164,5.506353378295898,0.020408162847161293,0.00013098501949571073,0.25525134801864624,False,False,-1,1.0042638778686523
env000027,3,20,0,True,0.0,0.15627740323543549,12.860885620117188,4.023813724517822,0.020408162847161293,0.00011042638652725145,0.040771130472421646,False,False,1,1.0039169788360596
env000027,3,21,0,True,0.0,0.13693083822727203,12.866527557373047,3.3795857429504395,0.020408162847161293,5.750123818870634e-05,0.06556648015975952,False,False,1,1.0043574571609497
env000027,3,22,0,True,0.0,0.1014057919383049,12.919267654418945,2.525641679763794,0.020408162847161293,4.394522329675965e-05,0.08538968116044998,False,False,-1,1.0084742307662964
env000027,3,23,0,True,0.0,0.11196129769086838,12.840228080749512,3.616309642791748,0.020408162847161293,5.33828315383289e-05,0.041567981243133545,False,False,0,1.0023044347763062
env000027,3,24,0,True,0.0,0.1342381238937378,12.848411560058594,2.8961496353149414,0.020408162847161293,6.729969754815102e-05,0.07694447040557861,False,False,-1,1.0029432773590088
env000027,3,25,0,True,0.0,0.2156512290239334,12.900803565979004,3.8479883670806885,0.020408162847161293,7.663998258067295e-05,0.1434093415737152,False,False,-1,1.0070329904556274
env000027,3,26,0,True,0.0,0.11766798049211502,12.865629196166992,2.192065954208374,0.020408162847161293,5.4618802096229047e-05,0.10482877492904663,False,False,1,1.0042872428894043
env000027,3,27,0,True,0.0,0.2669670581817627,12.85209846496582,3.855731725692749,0.020408162847161293,9.668400161899626e-05,0.14500468969345093,False,False,-1,1.0032310485839844
env000027,3,28,0,True,0.0,0.21866343915462494,12.95812702178955,2.9913973808288574,0.020408162847161293,0.0001020082418108359,0.17072992026805878,False,False,1,1.0115076303482056
env000027,3,29,0,True,0.0,0.22626914083957672,12.898094177246094,4.887302398681641,0.020408162847161293,0.0001097224885597825,0.09827384352684021,False,False,-1,1.0068215131759644
env000027,3,30,0,True,0.0,0.23500676453113556,12.919842720031738,4.7869553565979,0.020408162847161293,9.06619243323803e-05,0.1034902036190033,False,False,1,1.008519172668457
env000027,3,31,0,True,0.0,0.12638451159000397,12.92619514465332,3.879055976867676,0.010204081423580647,6.974153075134382e-05,0.059449613094329834,False,False,1,1.0090150833129883
env000029,4,0,0,False,0.36193254590034485,1.9989891052246094,13.882143020629883,3.4577929973602295,0.11224489659070969,0.00019880829495377839,0.37838083505630493,False,False,1,1.1526464223861694
env000029,4,1,0,False,0.36193302273750305,1.926567554473877,13.77706241607666,3.480865716934204,0.11224489659070969,0.000192778927157633,0.06229230761528015,False,False,1,1.1439214944839478
env000029,4,2,0,False,0.36193302273750305,2.1770856380462646,14.20566177368164,6.058986663818359,0.13265305757522583,0.0004297389241401106,0.2678869068622589,False,False,1,1.1795084476470947
env000029,4,3,0,False,0.36193397641181946,2.094491481781006,14.172103881835938,4.490087985992432,0.12244898080825806,0.0003183642984367907,0.19438263773918152,False,False,0,1.1767220497131348
env000029,4,4,0,False,0.3619333505630493,2.2269558906555176,13.864623069763184,7.417562484741211,0.12244898080825806,0.00026259804144501686,0.26932963728904724,False,False,1,1.1511917114257812
env000029,4,5,0,False,0.3619333505630493,1.8714542388916016,13.764450073242188,2.6020824909210205,0.12244898080825806,0.00017063505947589874,0.017477422952651978,False,False,1,1.1428742408752441
env000029,4,6,0,False,0.3619333505630493,2.1337673664093018,13.972537994384766,5.068539619445801,0.12244898080825806,0.0002235642896266654,0.2529244124889374,False,False,1,1.1601519584655762
env000029,4,7,0,False,0.3619349002838135,1.9826427698135376,13.857147216796875,3.5578038692474365,0.11224489659070969,0.00018695060862228274,0.32555723190307617,False,False,1,1.1505709886550903
env000029,4,8,0,False,0.36193254590034485,2.2757091522216797,14.173089027404785,4.303572654724121,0.13265305757522583,0.00034467183286324143,0.2941391170024872,False,False,1,1.1768039464950562
env000029,4,9,0,False,0.36193302273750305,1.8688093423843384,14.162604331970215,2.9886248111724854,0.13265305757522583,0.00019466146477498114,0.14748483896255493,False,False,0,1.1759333610534668
env000029,4,10,0,False,0.3619338274002075,2.3027167320251465,14.233348846435547,7.021885871887207,0.1428571343421936,0.0005218470469117165,0.31771227717399597,False,False,0,1.181807279586792
env000029,4,11,0,False,0.36193251609802246,1.8595781326293945,13.741196632385254,3.140913724899292,0.11224489659070969,0.0001553576730657369,0.011842937208712101,False,False,1,1.1409435272216797
env000029,4,12,0,False,0.36193302273750305,2.0376675128936768,13.985084533691406,4.579653739929199,0.12244898080825806,0.00023736614093650132,0.18479400873184204,False,False,1,1.1611937284469604
env000029,4,13,0,False,0.36193302273750305,2.254851818084717,14.181139945983887,5.369959354400635,0.12244898080825806,0.0003746866132132709,0.31531789898872375,False,False,1,1.1774723529815674
env000029,4,14,0,False,0.36193346977233887,2.184598922729492,13.92586612701416,4.024813652038574,0.12244898080825806,0.00023204516037367284,0.26261913776397705,False,False,1,1.1562767028808594
env000029,4,15,0,False,0.36193305253982544,1.8452959060668945,13.871988296508789,3.0341782569885254,0.10204081237316132,0.00016592851898167282,0.1300775408744812,False,False,1,1.1518032550811768
env000029,4,16,0,False,0.36193346977233887,2.016726016998291,14.048720359802246,3.509913921356201,0.12244898080825806,0.0003408529155422002,0.17270079255104065,False,False,1,1.1664774417877197
env000029,4,17,0,False,0.36193209886550903,1.856117606163025,13.753023147583008,4.583854675292969,0.09183673560619354,0.00016680991393513978,0.07538947463035583,False,False,1,1.1419254541397095
env000029,4,18,0,False,0.36193254590034485,1.9720823764801025,13.8707275390625,3.640171766281128,0.12244898080825806,0.00023251367383636534,0.14525237679481506,False,False,1,1.1516985893249512
env000029,4,19,0,False,0.36193397641181946,1.854628562927246,13.885543823242188,3.6094210147857666,0.09183673560619354,0.00014480647223535925,0.3072195053100586,False,False,1,1.1529287099838257
env000029,4,20,0,False,0.36193355917930603,1.9001520872116089,13.789251327514648,1.9018326997756958,0.10204081237316132,0.00015153115964494646,0.23910140991210938,False,False,1,1.1449334621429443
env000029,4,21,0,False,0.3619324862957001,1.7151955366134644,14.144645690917969,3.4258410930633545,0.10204081237316132,0.0002695377916097641,0.02870788984000683,False,False,1,1.174442172050476
env000029,4,22,0,False,0.36193352937698364,1.973336100578308,14.117227554321289,3.443899154663086,0.12244898080825806,0.00022127981355879456,0.1848352551460266,False,False,1,1.1721656322479248
env000029,4,23,0,False,0.3619338572025299,1.87729811668396,14.19308853149414,4.683765411376953,0.10204081237316132,0.00034305243752896786,0.22676785290241241,False,False,1,1.178464412689209
env000029,4,24,0,False,0.3619328439235687,1.9562554359436035,13.846281051635742,1.991340160369873,0.11224489659070969,0.00018587277736514807,0.1313645839691162,False,False,1,1.1496686935424805
env000029,4,25,0,False,0.3619333505630493,2.013655185699463,13.866403579711914,3.5700387954711914,0.12244898080825806,0.0001849565451266244,0.14818760752677917,False,False,1,1.1513395309448242
env000029,4,26,0,False,0.36193332076072693,1.8442682027816772,13.84975814819336,3.3133041858673096,0.11224489659070969,0.00017346283129882067,0.23505356907844543,False,False,1,1.1499574184417725
env000029,4,27,0,False,0.3619333505630493,1.8533272743225098,13.86262321472168,3.049241304397583,0.12244898080825806,0.00017138423572760075,0.10200342535972595,False,False,1,1.151025652885437
env000029,4,28,0,False,0.36193251609802246,2.1952314376831055,14.481132507324219,3.1834049224853516,0.12244898080825806,0.00045001652324572206,0.07076841592788696,False,False,1,1.2023810148239136
env000029,4,29,0,False,0.36193397641181946,1.9924677610397339,13.722731590270996,2.5671114921569824,0.12244898080825806,0.0001823566562961787,0.22090163826942444,False,False,1,1.139410376548767
env000029,4,30,0,False,0.3619338274002075,1.9309360980987549,13.858360290527344,4.1854963302612305,0.12244898080825806,0.0001995071506826207,0.1904129683971405,False,False,1,1.1506717205047607
env000029,4,31,0,False,0.3619333505630493,1.9597604274749756,13.828103065490723,3.985734224319458,0.11224489659070969,0.0001796394499251619,0.1034097671508789,False,False,1,1.148159384727478
env000032,5,0,0,False,0.1880294680595398,1.0559033155441284,20.369216918945312,4.602233409881592,0.10204081237316132,0.0024806952569633722,0.34914475679397583,False,False,-1,1.2207388877868652
env000032,5,1,0,True,0.0,0.6044114232063293,20.028139114379883,5.4152350425720215,0.10204081237316132,0.002075515454635024,0.3691241145133972,False,False,-1,1.2002978324890137
env000032,5,2,0,True,0.0,0.36969316005706787,19.618026733398438,4.305519104003906,0.08163265138864517,0.0017844114918261766,0.0670730471611023,False,False,-1,1.1757196187973022
env000032,5,3,0,True,0.0,0.7094513773918152,19.557331085205078,5.751904487609863,0.08163265138864517,0.0020073074847459793,0.23635107278823853,False,False,-1,1.1720820665359497
env000032,5,4,0,True,0.0,0.46174439787864685,19.88847541809082,4.196232795715332,0.08163265138864517,0.0021885859314352274,0.2706890106201172,False,False,-1,1.1919277906417847
env000032,5,5,0,False,0.17855821549892426,0.7978699207305908,20.70752716064453,3.8905200958251953,0.09183673560619354,0.002704004058614373,0.2698846459388733,False,False,-1,1.241014003753662
env000032,5,6,0,True,0.0,0.7125241756439209,20.116455078125,6.040134429931641,0.09183673560619354,0.0024588131345808506,0.44193321466445923,False,False,-1,1.2055907249450684
env000032,5,7,0,True,0.0,0.7264969944953918,19.265071868896484,6.741906642913818,0.09183673560619354,0.0026927762664854527,0.3762966990470886,False,False,0,1.154566764831543
env000032,5,8,0,False,0.0350647009909153,0.609987199306488,21.208873748779297,3.4864635467529297,0.12244898080825806,0.002318755956366658,0.1299229860305786,False,False,-1,1.2710599899291992
env000032,5,9,0,True,0.0,0.5139416456222534,20.504833221435547,5.261505126953125,0.09183673560619354,0.0016484941588714719,0.3155914545059204,False,False,-1,1.228866457939148
env000032,5,10,0,True,0.0,0.4523636996746063,20.2415771484375,4.273848056793213,0.11224489659070969,0.001959112472832203,0.1970842480659485,False,False,-1,1.2130893468856812
env000032,5,11,0,True,0.0,0.28070852160453796,19.892662048339844,3.8047120571136475,0.09183673560619354,0.0017866389825940132,0.08663928508758545,False,False,0,1.1921786069869995
env000032,5,12,0,True,0.0,0.3800830841064453,19.963537216186523,3.564347982406616,0.09183673560619354,0.0019227517768740654,0.08099204301834106,False,False,-1,1.196426272392273
env000032,5,13,0,False,0.3640707731246948,1.9318042993545532,20.20539093017578,4.919890403747559,0.08163265138864517,0.0018285246333107352,0.21073198318481445,False,False,-1,1.2109206914901733
env000032,5,14,0,True,0.0,0.3943452835083008,19.70580291748047,4.532325744628906,0.08163265138864517,0.0019576235208660364,0.1808561086654663,False,False,0,1.1809800863265991
env000032,5,15,0,False,0.10340901464223862,0.7225863933563232,20.107419967651367,4.36222505569458,0.11224489659070969,0.0024821890983730555,0.2225719690322876,False,False,-1,1.2050491571426392
env000032,5,16,0,True,0.0,0.35881686210632324,20.025955200195312,4.033825397491455,0.09183673560619354,0.001722835237160325,0.09952282905578613,False,False,-1,1.200166940689087
env000032,5,17,0,False,0.16579283773899078,1.770875096321106,19.823139190673828,13.02515983581543,0.10204081237316132,0.004720366559922695,0.7648721933364868,False,False,1,1.1880121231079102
env000032,5,18,0,True,0.0,0.42186057567596436,19.913105010986328,3.9821243286132812,0.08163265138864517,0.0019744914025068283,0.07925081253051758,False,False,-1,1.1934038400650024
env000032,5,19,0,False,0.004945380613207817,0.4995298683643341,19.993087768554688,4.088072299957275,0.08163265138864517,0.001897704554721713,0.1358104944229126,False,False,1,1.1981972455978394
env000032,5,20,0,True,0.0,0.430841863155365,20.296588897705078,4.021600246429443,0.12244898080825806,0.0030905704479664564,0.23615914583206177,False,False,-1,1.2163861989974976
env000032,5,21,0,False,0.42303773760795593,2.4676320552825928,20.458145141601562,7.641650676727295,0.06122449040412903,0.0024394975043833256,0.4578462243080139,False,False,-1,1.226068377494812
env000032,5,22,0,True,0.0,0.4446278214454651,20.11016082763672,4.946628093719482,0.09183673560619354,0.0022300102282315493,0.25682181119918823,False,False,-1,1.2052134275436401
env000032,5,23,0,True,0.0,0.37958839535713196,20.159948348999023,3.8812646865844727,0.11224489659070969,0.00201825681142509,0.1850954294204712,False,False,-1,1.2081972360610962
env000032,5,24,0,True,0.0,0.48582902550697327,19.65829849243164,5.087896823883057,0.09183673560619354,0.002206135541200638,0.2146865725517273,False,False,-1,1.1781331300735474
env000032,5,25,0,False,0.07677898555994034,1.1397677659988403,19.88355255126953,6.764148712158203,0.09183673560619354,0.002491285791620612,0.4645371437072754,False,False,-1,1.1916327476501465
env000032,5,26,0,False,0.22987331449985504,1.2146978378295898,19.399702072143555,7.662710666656494,0.11224489659070969,0.0026576248928904533,0.47534751892089844,False,False,1,1.162635326385498
env000032,5,27,0,False,0.201814666390419,0.7648651003837585,20.35363006591797,4.553823947906494,0.1428571343421936,0.0028164575342088938,0.26054883003234863,False,False,-1,1.2198047637939453
env000032,5,28,0,True,0.0,0.44821426272392273,21.098983764648438,3.662978172302246,0.12244898080825806,0.0022929981350898743,0.15014731884002686,False,False,-1,1.2644741535186768
env000032,5,29,0,True,0.0,0.41615086793899536,20.229307174682617,3.4914581775665283,0.09183673560619354,0.0020177646074444056,0.10395675152540207,False,False,-1,1.2123539447784424
env000032,5,30,0,True,0.0,0.23110036551952362,20.03376579284668,3.4133262634277344,0.10204081237316132,0.001568060484714806,0.016924438998103142,False,False,-1,1.2006350755691528
env000032,5,31,0,True,0.0,0.25750693678855896,19.93874740600586,2.541348457336426,0.08163265138864517,0.0011967633618041873,0.19673830270767212,False,False,-1,1.1949405670166016
env000043,6,0,0,False,0.8307862877845764,5.226605415344238,16.265193939208984,5.692202091217041,0.05102040618658066,0.0006891436642035842,0.11974877119064331,False,False,1,1.088634967803955
env000043,6,1,0,False,0.817145049571991,4.9963274002075195,16.215314865112305,4.485923767089844,0.06122449040412903,0.0004951735027134418,0.022967755794525146,False,False,1,1.085296630859375
env000043,6,2,0,False,0.8472358584403992,4.626744270324707,16.435894012451172,4.633375644683838,0.05102040618658066,0.0003951784747187048,0.1683838963508606,False,False,1,1.100059986114502
env000043,6,3,0,False,0.8556329607963562,5.040458679199219,16.300161361694336,4.130642414093018,0.05102040618658066,0.00040981886559166014,0.1479012370109558,False,False,1,1.0909754037857056
env000043,6,4,0,False,0.8272101879119873,5.12948751449585,16.467811584472656,6.73421049118042,0.09183673560619354,0.0006369980983436108,0.2513604760169983,False,False,1,1.1021963357925415
env000043,6,5,0,False,0.6019109487533569,4.07348108291626,16.277332305908203,3.934767484664917,0.0714285671710968,0.00041703617898747325,0.08702737092971802,False,False,1,1.0894473791122437
env000043,6,6,0,False,0.7985696792602539,4.650221347808838,16.25151824951172,4.0840349197387695,0.05102040618658066,0.0003567267267499119,0.14568322896957397,False,False,1,1.0877196788787842
env000043,6,7,0,False,0.8488055467605591,5.201609134674072,16.32967758178711,4.4636945724487305,0.05102040618658066,0.0005049320752732456,0.0678565502166748,False,False,1,1.0929509401321411
env000043,6,8,0,False,0.7944067716598511,5.16596794128418,16.19832420349121,8.20446491241455,0.08163265138864517,0.0007787044742144644,0.20092254877090454,False,False,1,1.0841593742370605
env000043,6,9,0,False,0.8204246759414673,4.634881019592285,16.448192596435547,5.708280563354492,0.08163265138864517,0.0004873903817497194,0.11405235528945923,False,False,1,1.10088312625885
env000043,6,10,0,False,0.8663095831871033,4.635573863983154,16.43183135986328,6.683497428894043,0.05102040618658066,0.0007839350146241486,0.12003504484891891,False,False,1,1.0997880697250366
env000043,6,11,0,False,0.7000089883804321,4.534369468688965,16.229049682617188,2.66520619392395,0.05102040618658066,0.00037639119545929134,0.19042330980300903,False,False,1,1.086215853691101
env000043,6,12,0,False,0.809531569480896,5.025050163269043,16.141860961914062,6.22016716003418,0.08163265138864517,0.0006186552345752716,0.1564766764640808,False,False,1,1.0803803205490112
env000043,6,13,0,False,0.7947573065757751,4.818089008331299,16.39963150024414,2.4595658779144287,0.05102040618658066,0.00034181648516096175,0.2282254844903946,False,False,1,1.0976330041885376
env000043,6,14,0,False,0.6855828166007996,4.831567287445068,16.21749496459961,6.793503761291504,0.0714285671710968,0.0006530479877255857,0.15542422235012054,False,False,1,1.0854425430297852
env000043,6,15,0,False,0.5895481109619141,3.456540822982788,16.538341522216797,2.412079095840454,0.05102040618658066,0.00029128126334398985,0.1787702441215515,False,False,1,1.106916904449463
env000043,6,16,0,False,0.8268399834632874,4.947641849517822,16.474380493164062,6.348334312438965,0.05102040618658066,0.0007079606875777245,0.12079530954360962,False,False,1,1.1026359796524048
env000043,6,17,0,False,0.578823983669281,3.844548225402832,16.45066261291504,5.556400775909424,0.05102040618658066,0.00047543420805595815,0.15417224168777466,False,False,1,1.101048469543457
env000043,6,18,0,False,0.8042925000190735,4.782163143157959,16.287900924682617,6.386404514312744,0.0714285671710968,0.0006427044281736016,0.1377342939376831,False,False,1,1.090154767036438
env000043,6,19,0,False,0.8200887441635132,5.021543025970459,16.182945251464844,4.075956344604492,0.05102040618658066,0.0005151786026544869,0.08774012327194214,False,False,1,1.083130121231079
env000043,6,20,0,False,0.8044834733009338,4.945034980773926,16.179248809814453,5.013513565063477,0.08163265138864517,0.0005063112475909293,0.09119617938995361,False,False,1,1.0828826427459717
env000043,6,21,0,False,0.8308755159378052,5.130465030670166,16.18270492553711,4.962234973907471,0.06122449040412903,0.0005605097976513207,0.10379219055175781,False,False,1,1.0831140279769897
env000043,6,22,0,False,0.5923188328742981,4.318572521209717,16.135225296020508,6.31290340423584,0.06122449040412903,0.0005969135672785342,0.14554136991500854,False,False,1,1.079936146736145
env000043,6,23,0,False,0.6858549118041992,4.280223369598389,16.275535583496094,4.038267135620117,0.05102040618658066,0.0004522106028161943,0.08255547285079956,False,False,1,1.0893272161483765
env000043,6,24,0,False,0.5618011355400085,3.600691556930542,16.45583724975586,1.9336340427398682,0.05102040618658066,0.00027355848578736186,0.27357107400894165,False,False,1,1.1013948917388916
env000043,6,25,0,False,0.7347138524055481,4.339008808135986,16.329490661621094,3.95375919342041,0.0714285671710968,0.00036134658148512244,0.1405848115682602,False,False,1,1.0929384231567383
env000043,6,26,0,False,0.7950303554534912,4.819351673126221,16.17107391357422,7.1716413497924805,0.05102040618658066,0.0009255234617739916,0.10944843292236328,False,False,1,1.0823354721069336
env000043,6,27,0,False,0.8017714619636536,5.046678066253662,16.143016815185547,5.432724475860596,0.06122449040412903,0.0005139461136423051,0.1656842827796936,False,False,1,1.0804576873779297
env000043,6,28,0,False,0.8100849986076355,4.5228776931762695,16.53630256652832,4.02044153213501,0.040816325694322586,0.00033383414847776294,0.21178454160690308,False,False,1,1.1067804098129272
env000043,6,29,0,False,0.8766025900840759,5.101774215698242,16.584758758544922,6.017250061035156,0.05102040618658066,0.0005286585655994713,0.20691192150115967,False,False,1,1.1100236177444458
env000043,6,30,0,False,0.5850250124931335,3.9852445125579834,16.291215896606445,2.8557848930358887,0.05102040618658066,0.00034736847737804055,0.16122311353683472,False,False,1,1.090376615524292
env000043,6,31,0,False,0.8188511729240417,5.3536376953125,16.15542221069336,10.095071792602539,0.0714285671710968,0.001164269750006497,0.2900018095970154,False,False,1,1.0812879800796509
env000044,7,0,0,False,0.40977463126182556,2.500833511352539,15.615669250488281,10.077731132507324,0.12244898080825806,0.0016904805088415742,0.44084611535072327,False,False,1,1.2474212646484375
env000044,7,1,0,False,0.38182932138442993,1.7994506359100342,14.429874420166016,3.860039710998535,0.10204081237316132,0.0003770922194235027,0.2053266167640686,False,False,1,1.1526968479156494
env000044,7,2,0,False,0.3560482859611511,1.6663849353790283,14.460366249084473,1.7819181680679321,0.09183673560619354,0.00017023093823809177,0.28092190623283386,False,False,1,1.1551326513290405
env000044,7,3,0,False,0.3922084867954254,1.9331344366073608,14.57494831085205,2.8881213665008545,0.08163265138864517,0.00032946502324193716,0.5053558945655823,False,False,1,1.1642857789993286
env000044,7,4,0,False,0.3866094648838043,1.7402317523956299,14.510214805603027,1.7143713235855103,0.10204081237316132,0.0002328318078070879,0.17829671502113342,False,False,1,1.1591147184371948
env000044,7,5,0,False,0.3461242616176605,2.159560203552246,14.792501449584961,9.02873706817627,0.15306122601032257,0.000855766877066344,0.2626895308494568,False,False,1,1.1816644668579102
env000044,7,6,0,False,0.39662498235702515,1.7950115203857422,14.429308891296387,2.8284409046173096,0.11224489659070969,0.00026238991995342076,0.2452087700366974,False,False,1,1.1526516675949097
env000044,7,7,0,False,0.3641666769981384,2.030728340148926,15.010795593261719,6.97341775894165,0.13265305757522583,0.0005487082526087761,0.295910507440567,False,False,1,1.1991024017333984
env000044,7,8,0,False,0.37916436791419983,2.002488136291504,14.582140922546387,7.36452579498291,0.11224489659070969,0.0004934734315611422,0.257915198802948,False,False,1,1.1648603677749634
env000044,7,9,0,False,0.5631421208381653,3.7682037353515625,16.73660659790039,28.981679916381836,0.12244898080825806,0.0071713184006512165,0.949425995349884,False,False,-1,1.336964726448059
env000044,7,10,0,False,0.400865375995636,2.589932441711426,15.101258277893066,16.04241180419922,0.18367347121238708,0.0018183672800660133,0.3972090482711792,False,False,1,1.2063287496566772
env000044,7,11,0,False,0.3816955089569092,1.7018061876296997,14.502811431884766,3.7122063636779785,0.09183673560619354,0.00030423843418248,0.08274781703948975,False,False,1,1.1585233211517334
env000044,7,12,0,False,0.37869754433631897,1.8081011772155762,14.88607406616211,5.324229717254639,0.09183673560619354,0.0004211024206597358,0.16212257742881775,False,False,0,1.1891392469406128
env000044,7,13,0,False,0.41668519377708435,2.6192610263824463,15.374749183654785,13.546123504638672,0.10204081237316132,0.0012247116537764668,0.4756743311882019,False,False,1,1.2281759977340698
env000044,7,14,0,False,0.36809083819389343,2.304117441177368,15.35007095336914,8.365928649902344,0.10204081237316132,0.000825873576104641,0.4686333239078522,False,False,1,1.2262046337127686
env000044,7,15,0,False,0.388827383518219,1.9214839935302734,14.593605041503906,7.441067695617676,0.13265305757522583,0.0006465503247454762,0.19106334447860718,False,False,1,1.1657761335372925
env000044,7,16,0,False,0.3783833086490631,1.6249644756317139,14.347495079040527,2.970036268234253,0.11224489659070969,0.00022743483714293689,0.06767033785581589,False,False,1,1.1461161375045776
env000044,7,17,0,False,0.3697616755962372,2.3988099098205566,15.382095336914062,9.8993558883667,0.13265305757522583,0.0008038177038542926,0.540343165397644,False,False,-1,1.2287628650665283
env000044,7,18,0,False,0.34514179825782776,1.577288031578064,14.258574485778809,2.6854419708251953,0.12244898080825806,0.0002592337259557098,0.17430220544338226,False,False,1,1.1390129327774048
env000044,7,19,0,False,0.36083999276161194,2.0926384925842285,14.640144348144531,8.830683708190918,0.13265305757522583,0.0004805836360901594,0.26842308044433594,False,False,1,1.1694937944412231
env000044,7,20,0,False,0.40211838483810425,1.7557315826416016,14.558404922485352,3.7867307662963867,0.08163265138864517,0.00022621943207923323,0.1345292329788208,False,False,1,1.1629642248153687
env000044,7,21,0,False,0.530847430229187,4.121485710144043,17.21694564819336,15.992666244506836,0.0714285671710968,0.0024921915028244257,0.718666136264801,False,False,-1,1.3753355741500854
env000044,7,22,0,False,0.3663349449634552,2.0243961811065674,14.617406845092773,9.087974548339844,0.12244898080825806,0.00045670714462175965,0.2174994796514511,False,False,1,1.167677402496338
env000044,7,23,0,False,0.387594610452652,2.368154764175415,14.859125137329102,9.836493492126465,0.1428571343421936,0.001004943624138832,0.5478038191795349,False,False,1,1.1869865655899048
env000044,7,24,0,False,0.3668151795864105,2.2091457843780518,15.036420822143555,8.050421714782715,0.13265305757522583,0.0006811968050897121,0.41545307636260986,False,False,1,1.2011494636535645
env000044,7,25,0,False,0.35268282890319824,2.1079113483428955,14.740242004394531,6.991495132446289,0.13265305757522583,0.0005489207687787712,0.3929264545440674,False,False,1,1.1774898767471313
env000044,7,26,0,False,0.3743719458580017,1.9117594957351685,14.995316505432129,6.500096797943115,0.12244898080825806,0.0006752736517228186,0.13421013951301575,False,False,0,1.1978658437728882
env000044,7,27,0,False,0.33386820554733276,2.1079161167144775,14.77261734008789,7.470613479614258,0.11224489659070969,0.0005152670200914145,0.36820802092552185,False,False,1,1.1800761222839355
env000044,7,28,0,False,0.38005977869033813,1.802396535873413,14.582578659057617,2.2075536251068115,0.09183673560619354,0.00020215781114529818,0.15416216850280762,False,False,1,1.1648952960968018
env000044,7,29,0,False,0.3945229649543762,1.7751225233078003,14.579153060913086,4.454720973968506,0.08163265138864517,0.0003754837089218199,0.14197324216365814,False,False,1,1.1646215915679932
env000044,7,30,0,False,0.36475852131843567,1.7574461698532104,14.496459007263184,3.82297682762146,0.1428571343421936,0.0007364667253568769,0.09017342329025269,False,False,1,1.1580158472061157
env000044,7,31,0,False,0.40216687321662903,2.3671092987060547,14.942959785461426,6.565147399902344,0.10204081237316132,0.0007551508606411517,0.4737806022167206,False,False,1,1.1936835050582886
env000057,8,0,0,True,0.0,0.6234179735183716,16.872568130493164,6.829966068267822,0.09183673560619354,0.0006911578238941729,0.37346041202545166,False,False,1,1.1374094486236572
env000057,8,1,0,True,0.0,0.6244897842407227,16.826019287109375,7.056698799133301,0.12244898080825806,0.001025387435220182,0.39291760325431824,False,False,-1,1.134271502494812
env000057,8,2,0,True,0.0,0.6091387271881104,16.588176727294922,6.876501560211182,0.10204081237316132,0.0007579938392154872,0.31596603989601135,False,False,-1,1.118238091468811
env000057,8,3,0,True,0.0,0.3686267137527466,16.48824691772461,4.869339466094971,0.09183673560619354,0.0006600462947972119,0.18163064122200012,False,False,1,1.111501693725586
env000057,8,4,0,True,0.0,0.6833622455596924,16.744537353515625,8.479013442993164,0.11224489659070969,0.0008976313984021544,0.43424737453460693,False,False,-1,1.1287786960601807
env000057,8,5,0,True,0.0,0.7033610343933105,16.573421478271484,8.522493362426758,0.12244898080825806,0.000967315980233252,0.388130784034729,False,False,0,1.1172434091567993
env000057,8,6,0,True,0.0,0.5465579628944397,16.647457122802734,6.102143287658691,0.09183673560619354,0.0007388539961539209,0.2845084071159363,False,False,-1,1.1222343444824219
env000057,8,7,0,True,0.0,0.5222334265708923,16.745864868164062,5.920672416687012,0.09183673560619354,0.0007041346980258822,0.2575571537017822,False,False,-1,1.1288682222366333
env000057,8,8,0,True,0.0,0.7185930013656616,16.771202087402344,7.3560686111450195,0.13265305757522583,0.001253474853001535,0.4917760491371155,False,False,-1,1.130576252937317
env000057,8,9,0,True,0.0,0.6421364545822144,16.655292510986328,7.509919166564941,0.12244898080825806,0.0009706536075100303,0.3832426965236664,False,False,-1,1.1227625608444214
env000057,8,10,0,True,0.0,0.45930373668670654,16.61846923828125,6.629344940185547,0.11224489659070969,0.0007169117452576756,0.20866957306861877,False,False,0,1.1202802658081055
env000057,8,11,0,True,0.0,0.4655447006225586,16.712284088134766,5.374555587768555,0.09183673560619354,0.0006526091601699591,0.2526291608810425,False,False,1,1.126604437828064
env000057,8,12,0,True,0.0,0.5019955039024353,16.767711639404297,5.711642265319824,0.10204081237316132,0.0008193497778847814,0.3118809163570404,False,False,-1,1.1303409337997437
env000057,8,13,0,True,0.0,0.47189345955848694,16.77796173095703,4.694854736328125,0.10204081237316132,0.0008169245556928217,0.32239437103271484,False,False,-1,1.13103187084198
env000057,8,14,0,True,0.0,0.4905126392841339,16.549558639526367,6.514581680297852,0.11224489659070969,0.0007734605460427701,0.21244055032730103,False,False,-1,1.115634799003601
env000057,8,15,0,True,0.0,0.6940338015556335,16.713167190551758,8.44200611114502,0.13265305757522583,0.0008716042502783239,0.38869529962539673,False,False,-1,1.1266639232635498
env000057,8,16,0,True,0.0,0.5931463241577148,16.606761932373047,6.561077117919922,0.12244898080825806,0.0008821195806376636,0.3337523341178894,False,False,1,1.1194909811019897
env000057,8,17,0,True,0.0,0.43044379353523254,16.803123474121094,4.887115478515625,0.10204081237316132,0.0007975835469551384,0.2342531681060791,False,False,-1,1.132728099822998
env000057,8,18,0,True,0.0,0.46682146191596985,17.10395050048828,4.527516841888428,0.0714285671710968,0.0007618067902512848,0.4003574848175049,False,False,-1,1.1530073881149292
env000057,8,19,0,True,0.0,0.3936491310596466,16.43756866455078,5.138406276702881,0.10204081237316132,0.0008668925147503614,0.16634635627269745,False,False,1,1.1080853939056396
env000057,8,20,0,True,0.0,0.6183974742889404,16.702465057373047,7.278304100036621,0.12244898080825806,0.0009603531798347831,0.3960847556591034,False,False,-1,1.1259424686431885
env000057,8,21,0,True,0.0,0.4927387535572052,16.990787506103516,5.020308017730713,0.09183673560619354,0.0006567254895344377,0.3178706765174866,False,False,-1,1.145378828048706
env000057,8,22,0,True,0.0,0.45135030150413513,16.6170711517334,5.792109966278076,0.11224489659070969,0.0008687570225447416,0.2762805223464966,False,False,1,1.1201859712600708
env000057,8,23,0,True,0.0,0.5358191132545471,16.62395477294922,6.877832889556885,0.11224489659070969,0.0008379295468330383,0.26449549198150635,False,False,0,1.120650053024292
env000057,8,24,0,True,0.0,0.6221511363983154,16.784948348999023,5.997529029846191,0.13265305757522583,0.0010817337315529585,0.36208558082580566,False,False,-1,1.1315028667449951
env000057,8,25,0,True,0.0,0.5853877663612366,16.696239471435547,6.811720371246338,0.11224489659070969,0.0007998952060006559,0.3420882821083069,False,False,-1,1.1255228519439697
env000057,8,26,0,True,0.0,0.43339788913726807,16.76936149597168,5.967322826385498,0.10204081237316132,0.0007648216560482979,0.2598630487918854,False,False,-1,1.1304521560668945
env000057,8,27,0,True,0.0,0.4234805703163147,16.707983016967773,4.704202175140381,0.09183673560619354,0.0006379019469022751,0.22118881344795227,False,False,-1,1.1263145208358765
env000057,8,28,0,True,0.0,0.5288752913475037,16.767066955566406,6.387768268585205,0.11224489659070969,0.0008938926621340215,0.3336832523345947,False,False,-1,1.1302974224090576
env000057,8,29,0,True,0.0,0.3920620083808899,16.680166244506836,5.172237873077393,0.11224489659070969,0.0007144912960939109,0.22389426827430725,False,False,-1,1.1244393587112427
env000057,8,30,0,True,0.0,0.664592444896698,16.61711883544922,8.085061073303223,0.11224489659070969,0.0010601043468341231,0.3735746741294861,False,False,-1,1.1201891899108887
env000057,8,31,0,True,0.0,0.4467630386352539,16.696950912475586,5.066192150115967,0.0714285671710968,0.0007895983872003853,0.2466091364622116,False,False,1,1.1255707740783691
env000059,9,0,0,False,0.5496740341186523,3.131472110748291,17.722747802734375,6.99851655960083,0.08163265138864517,0.0016857951413840055,0.291393518447876,False,False,1,1.1295000314712524
env000059,9,1,0,False,0.5895044803619385,3.1301863193511963,17.380403518676758,7.108891487121582,0.08163265138864517,0.0014001155504956841,0.2487412989139557,False,False,1,1.1076818704605103
env000059,9,2,0,False,0.44026121497154236,2.564077377319336,18.469865798950195,5.495938301086426,0.0714285671710968,0.0012652147561311722,0.3635634779930115,False,False,1,1.1771150827407837
env000059,9,3,0,False,0.5113326907157898,2.5690972805023193,17.79828643798828,5.812623023986816,0.08163265138864517,0.0011583369923755527,0.20643755793571472,False,False,1,1.1343141794204712
env000059,9,4,0,False,0.5929776430130005,3.0010218620300293,17.459075927734375,7.493377208709717,0.06122449040412903,0.0009140226757153869,0.2453727424144745,False,False,1,1.1126958131790161
env000059,9,5,0,False,0.5979852080345154,3.6272830963134766,17.521018981933594,9.145431518554688,0.10204081237316132,0.001821051468141377,0.4958541989326477,False,False,1,1.1166435480117798
env000059,9,6,0,False,0.5557655692100525,2.7298943996429443,17.5750732421875,8.599006652832031,0.08163265138864517,0.0013061469653621316,0.2677862048149109,False,False,1,1.1200884580612183
env000059,9,7,0,False,0.5520496964454651,3.2233877182006836,17.592504501342773,6.202983856201172,0.08163265138864517,0.0013315737014636397,0.2590804696083069,False,False,1,1.121199369430542
env000059,9,8,0,False,0.5999999642372131,3.379357099533081,17.402271270751953,7.082213401794434,0.08163265138864517,0.0015221000649034977,0.2660820484161377,False,False,1,1.1090755462646484
env000059,9,9,0,False,0.5975279808044434,3.057581663131714,17.497234344482422,6.290421485900879,0.0714285671710968,0.0008446269785054028,0.11226765066385269,False,False,1,1.115127682685852
env000059,9,10,0,False,0.5750181078910828,2.9436981678009033,17.736072540283203,7.377049446105957,0.08163265138864517,0.0019936305470764637,0.33327004313468933,False,False,1,1.1303492784500122
env000059,9,11,0,False,0.595024824142456,2.7801215648651123,17.503047943115234,6.484057426452637,0.08163265138864517,0.0010288587072864175,0.12315109372138977,False,False,1,1.1154981851577759
env000059,9,12,0,False,0.5751405954360962,2.6533150672912598,17.634798049926758,6.368696212768555,0.0714285671710968,0.0013597907964140177,0.11928073316812515,False,False,1,1.1238948106765747
env000059,9,13,0,False,0.5956014394760132,3.137338876724243,17.567241668701172,4.785650730133057,0.08163265138864517,0.0009609697153791785,0.1341601312160492,False,False,1,1.1195893287658691
env000059,9,14,0,False,0.4036623537540436,2.7382192611694336,18.245845794677734,7.207093715667725,0.08163265138864517,0.001862888690084219,0.4283423125743866,False,False,1,1.1628378629684448
env000059,9,15,0,False,0.6000000238418579,3.4457736015319824,17.596656799316406,8.853336334228516,0.09183673560619354,0.0016100667417049408,0.3623577058315277,False,False,1,1.1214640140533447
env000059,9,16,0,False,0.5431557297706604,2.8418726921081543,17.70258331298828,8.567733764648438,0.09183673560619354,0.0017975546652451158,0.4679657220840454,False,False,1,1.128214955329895
env000059,9,17,0,False,0.5971288084983826,2.963528633117676,17.52187156677246,3.1604537963867188,0.06122449040412903,0.000776725762989372,0.10705389082431793,False,False,1,1.1166977882385254
env000059,9,18,0,False,0.4765832722187042,2.654202461242676,17.993305206298828,4.975871562957764,0.08163265138864517,0.000952151429373771,0.1949937343597412,False,False,1,1.1467430591583252
env000059,9,19,0,False,0.5953110456466675,3.1355485916137695,17.367958068847656,5.977552890777588,0.08163265138864517,0.0011956107337027788,0.07129793614149094,False,False,1,1.1068886518478394
env000059,9,20,0,False,0.592581033706665,3.559027910232544,18.024940490722656,9.664876937866211,0.12244898080825806,0.0029010840225964785,0.7197476625442505,False,False,1,1.1487592458724976
env000059,9,21,0,False,0.5870248675346375,3.1860742568969727,17.9657039642334,7.780818939208984,0.10204081237316132,0.00142298371065408,0.42954713106155396,False,False,1,1.1449840068817139
env000059,9,22,0,False,0.53790283203125,2.337768077850342,17.624197006225586,3.0644495487213135,0.040816325694322586,0.0004856675514020026,0.44204849004745483,False,False,1,1.1232192516326904
env000059,9,23,0,False,0.3596481680870056,1.7777496576309204,17.930767059326172,7.793023109436035,0.10204081237316132,0.0016592934262007475,0.4252420663833618,False,False,0,1.1427574157714844
env000059,9,24,0,False,0.5745199918746948,2.754204273223877,17.519153594970703,7.964864253997803,0.08163265138864517,0.0015272182645276189,0.24332866072654724,False,False,1,1.116524577140808
env000059,9,25,0,False,0.5998505353927612,3.356989622116089,17.874820709228516,7.595206260681152,0.08163265138864517,0.0015700786607339978,0.42326393723487854,False,False,1,1.1391918659210205
env000059,9,26,0,False,0.4929925501346588,2.3088741302490234,17.96366310119629,5.377389430999756,0.06122449040412903,0.0008631505770608783,0.06253896653652191,False,False,1,1.144853949546814
env000059,9,27,0,False,0.4893413186073303,2.345881462097168,17.6864013671875,1.7844862937927246,0.040816325694322586,0.00046211472363211215,0.5457828044891357,False,False,1,1.1271835565567017
env000059,9,28,0,False,0.5842520594596863,2.970205068588257,17.537044525146484,3.8154232501983643,0.08163265138864517,0.0007963733514770865,0.03066260926425457,False,False,1,1.1176648139953613
env000059,9,29,0,False,0.5781526565551758,3.547239303588867,17.701873779296875,7.927646160125732,0.09183673560619354,0.0014798531774431467,0.36189842224121094,False,False,1,1.1281696557998657
env000059,9,30,0,False,0.5829504728317261,3.285398006439209,17.49409294128418,6.523285388946533,0.08163265138864517,0.0010640957625582814,0.26107606291770935,False,False,1,1.1149274110794067
env000059,9,31,0,False,0.5170953273773193,2.511793851852417,17.599609375,5.960566997528076,0.0714285671710968,0.0013220985420048237,0.1619648039340973,False,False,1,1.1216522455215454
env000079,10,0,0,False,1.399660348892212,7.383195877075195,16.23596954345703,4.805871963500977,0.020408162847161293,0.00046640203800052404,0.21537859737873077,False,False,-1,1.0086092948913574
env000079,10,1,0,False,1.2425227165222168,6.463505268096924,16.31610870361328,6.92329216003418,0.030612245202064514,0.0006449458305723965,0.33344539999961853,False,False,1,1.0135877132415771
env000079,10,2,0,False,1.3927481174468994,7.354671955108643,16.218318939208984,4.408543586730957,0.020408162847161293,0.00045335866161622107,0.11497599631547928,False,False,-1,1.0075128078460693
env000079,10,3,0,False,1.2470638751983643,6.591003894805908,16.332523345947266,6.586024761199951,0.030612245202064514,0.0006281178211793303,0.2946101129055023,False,False,1,1.0146074295043945
env000079,10,4,0,False,1.3745216131210327,7.465176105499268,16.232772827148438,4.725306987762451,0.020408162847161293,0.0004434594011399895,0.16147559881210327,False,False,0,1.0084108114242554
env000079,10,5,0,False,1.3640457391738892,7.079527854919434,16.268339157104492,4.517851829528809,0.020408162847161293,0.00024813407799229026,0.23610880970954895,False,False,-1,1.0106202363967896
env000079,10,6,0,False,1.2553194761276245,6.569920063018799,16.22626304626465,4.412711143493652,0.020408162847161293,0.00026598115800879896,0.14020633697509766,False,False,1,1.0080063343048096
env000079,10,7,0,False,1.278448224067688,6.6662163734436035,16.26244354248047,6.545178413391113,0.020408162847161293,0.0003832498623523861,0.19119788706302643,False,False,1,1.01025390625
env000079,10,8,0,False,1.398385763168335,7.41017484664917,16.253192901611328,5.553312301635742,0.020408162847161293,0.00048551138024777174,0.27474841475486755,False,False,-1,1.0096793174743652
env000079,10,9,0,False,1.1899068355560303,6.254619121551514,16.35660171508789,4.470099925994873,0.020408162847161293,0.0002826922864187509,0.12236280739307404,False,False,1,1.0161032676696777
env000079,10,10,0,False,1.3408520221710205,7.009170055389404,16.419918060302734,5.714886665344238,0.030612245202064514,0.0006390980561263859,0.2194238305091858,False,False,1,1.0200365781784058
env000079,10,11,0,False,1.3350766897201538,6.9747700691223145,16.313766479492188,5.634681701660156,0.020408162847161293,0.0005036062211729586,0.261063814163208,False,False,1,1.0134422779083252
env000079,10,12,0,False,1.1917566061019897,6.196375846862793,16.435365676879883,6.456848621368408,0.030612245202064514,0.0008400430087931454,0.4254322052001953,False,False,1,1.0209962129592896
env000079,10,13,0,False,1.3829036951065063,7.493535995483398,16.301599502563477,6.216813087463379,0.030612245202064514,0.0008574347593821585,0.3656466603279114,False,False,-1,1.0126863718032837
env000079,10,14,0,False,1.390576958656311,7.570680618286133,16.413654327392578,4.560487270355225,0.020408162847161293,0.00031367794144898653,0.16173039376735687,False,False,-1,1.019647479057312
env000079,10,15,0,False,1.3194118738174438,7.341362476348877,16.235776901245117,5.183469772338867,0.020408162847161293,0.000446195132099092,0.16654473543167114,False,False,-1,1.0085973739624023
env000079,10,16,0,False,1.2201956510543823,6.583052635192871,16.412639617919922,5.141144752502441,0.020408162847161293,0.0003730581665877253,0.216648668050766,False,False,0,1.0195844173431396
env000079,10,17,0,False,1.3860359191894531,7.50093936920166,16.33469009399414,5.515545845031738,0.030612245202064514,0.0009697673376649618,0.23841546475887299,False,False,0,1.0147420167922974
env000079,10,18,0,False,1.3280341625213623,7.237054347991943,16.39712142944336,4.9381794929504395,0.020408162847161293,0.0005734458682127297,0.29601287841796875,False,False,-1,1.0186203718185425
env000079,10,19,0,False,1.2270359992980957,6.312835216522217,16.39061737060547,6.258613109588623,0.030612245202064514,0.0005455223727039993,0.22940243780612946,False,False,1,1.0182163715362549
env000079,10,20,0,False,1.2623244524002075,6.640150547027588,16.238277435302734,6.156394958496094,0.020408162847161293,0.00036930572241544724,0.15854910016059875,False,False,1,1.008752703666687
env000079,10,21,0,False,1.057760238647461,5.072943687438965,16.620864868164062,3.5112080574035645,0.020408162847161293,0.0002600650186650455,0.11676166951656342,False,False,1,1.032519817352295
env000079,10,22,0,False,1.2980132102966309,7.612062454223633,16.322265625,4.191479682922363,0.020408162847161293,0.0002699175965972245,0.09103944152593613,False,False,-1,1.0139702558517456
env000079,10,23,0,False,1.2856485843658447,6.886323928833008,16.34398651123047,6.807168006896973,0.030612245202064514,0.0009116177097894251,0.4285319745540619,False,False,1,1.015319585800171
env000079,10,24,0,False,1.394349217414856,7.397161483764648,16.435800552368164,4.058083534240723,0.020408162847161293,0.000270333606749773,0.15715192258358002,False,False,1,1.0210232734680176
env000079,10,25,0,False,1.2852286100387573,7.074808597564697,16.28466796875,7.093672275543213,0.040816325694322586,0.0008239016169682145,0.3878026008605957,False,False,1,1.0116345882415771
env000079,10,26,0,False,1.143267273902893,6.278636932373047,16.546920776367188,6.214012622833252,0.030612245202064514,0.0009198787738569081,0.46215692162513733,False,False,1,1.0279262065887451
env000079,10,27,0,False,1.25319242477417,6.995455741882324,16.41680908203125,8.209630966186523,0.040816325694322586,0.0023069579619914293,0.6837031245231628,False,False,1,1.0198434591293335
env000079,10,28,0,False,1.2973469495773315,6.805417060852051,16.2312068939209,4.636259078979492,0.030612245202064514,0.0006902764434926212,0.22699740529060364,False,False,1,1.008313536643982
env000079,10,29,0,False,1.1768382787704468,6.247019290924072,16.41294288635254,8.286161422729492,0.030612245202064514,0.0008823625394143164,0.48007750511169434,False,False,1,1.0196032524108887
env000079,10,30,0,False,1.386873483657837,7.275047302246094,16.27389144897461,3.735868453979492,0.020408162847161293,0.00020573126676026732,0.03179647773504257,False,False,-1,1.01096510887146
env000079,10,31,0,False,1.1440608501434326,6.066361904144287,16.445947647094727,4.619153022766113,0.020408162847161293,0.0004511677543632686,0.1504916101694107,False,False,1,1.0216535329818726
env000086,11,0,0,True,0.0,0.5388679504394531,16.675928115844727,7.259274482727051,0.05102040618658066,0.0011283769272267818,0.4228608012199402,False,False,-1,1.0338351726531982
env000086,11,1,0,True,0.0,0.4154401123523712,16.53972625732422,5.555324554443359,0.040816325694322586,0.0007723210146650672,0.3061404526233673,False,False,1,1.0253912210464478
env000086,11,2,0,True,0.0,0.5712342858314514,16.481687545776367,7.138081073760986,0.05102040618658066,0.0015818402171134949,0.4731866717338562,False,False,1,1.0217931270599365
env000086,11,3,0,True,0.0,0.637820839881897,16.504886627197266,7.48216438293457,0.06122449040412903,0.0014236123533919454,0.5173147916793823,False,False,1,1.0232313871383667
env000086,11,4,0,True,0.0,0.6635723114013672,16.5081787109375,7.556722164154053,0.05102040618658066,0.0011327459942549467,0.3499429225921631,False,False,1,1.0234354734420776
env000086,11,5,0,True,0.0,0.6492741107940674,16.712566375732422,6.00634765625,0.05102040618658066,0.0011900507379323244,0.5843035578727722,False,False,0,1.0361065864562988
env000086,11,6,0,True,0.0,0.583241879940033,16.652347564697266,7.484413146972656,0.05102040618658066,0.0016936459578573704,0.4652509391307831,False,False,-1,1.032373309135437
env000086,11,7,0,True,0.0,0.6307973265647888,16.511018753051758,8.798927307128906,0.06122449040412903,0.0017940520774573088,0.42081117630004883,False,False,-1,1.0236115455627441
env000086,11,8,0,True,0.0,0.45349520444869995,16.815410614013672,6.717674255371094,0.05102040618658066,0.0009317907970398664,0.2969321310520172,False,False,-1,1.0424824953079224
env000086,11,9,0,False,0.07430914789438248,1.0309313535690308,16.567920684814453,8.711283683776855,0.06122449040412903,0.002080142730847001,0.45447370409965515,False,False,1,1.0271391868591309
env000086,11,10,0,True,0.0,0.4443545639514923,16.643024444580078,5.7522759437561035,0.040816325694322586,0.000771804538089782,0.22981275618076324,False,False,1,1.0317952632904053
env000086,11,11,0,True,0.0,0.4955354928970337,16.433191299438477,7.725324630737305,0.040816325694322586,0.0010533015010878444,0.3244001269340515,False,False,1,1.0187865495681763
env000086,11,12,0,True,0.0,0.4236568808555603,16.610519409179688,6.528748989105225,0.040816325694322586,0.0009199896594509482,0.2942776679992676,False,False,-1,1.0297801494598389
env000086,11,13,0,True,0.0,0.4676884114742279,16.47496795654297,6.607964515686035,0.040816325694322586,0.0009145028307102621,0.3376246988773346,False,False,1,1.0213764905929565
env000086,11,14,0,True,0.0,0.41769617795944214,16.548120498657227,7.004714488983154,0.040816325694322586,0.0008648733492009342,0.27817779779434204,False,False,0,1.0259116888046265
env000086,11,15,0,True,0.0,0.7375211119651794,16.43571662902832,7.521236896514893,0.040816325694322586,0.0012929931981489062,0.4172575771808624,False,False,1,1.0189430713653564
env000086,11,16,0,True,0.0,0.3914875388145447,16.56658935546875,6.445756912231445,0.040816325694322586,0.000712234468664974,0.25224265456199646,False,False,-1,1.0270566940307617
env000086,11,17,0,True,0.0,0.5078579187393188,16.514928817749023,7.4480366706848145,0.040816325694322586,0.0011843661777675152,0.40243446826934814,False,False,1,1.0238538980484009
env000086,11,18,0,False,0.3559596836566925,1.300054907798767,16.45932960510254,6.5415544509887695,0.030612245202064514,0.0005706828669644892,0.22819679975509644,False,False,1,1.02040696144104
env000086,11,19,0,True,0.0,0.4516892433166504,16.503999710083008,6.4450507164001465,0.040816325694322586,0.0010719042038545012,0.3558834195137024,False,False,1,1.0231763124465942
env000086,11,20,0,True,0.0,0.4115578830242157,16.636808395385742,6.2274980545043945,0.040816325694322586,0.0007725216564722359,0.2900641858577728,False,False,-1,1.0314099788665771
env000086,11,21,0,True,0.0,0.39230015873908997,16.458423614501953,6.745835781097412,0.040816325694322586,0.0008069539326243103,0.2600732445716858,False,False,1,1.0203508138656616
env000086,11,22,0,True,0.0,0.5375485420227051,16.52753257751465,7.5897536277771,0.040816325694322586,0.0013954316964372993,0.4111449718475342,False,False,1,1.0246353149414062
env000086,11,23,0,True,0.0,0.5849844217300415,17.33442497253418,7.021955490112305,0.0714285671710968,0.0013826562790200114,0.383913516998291,False,False,-1,1.0746591091156006
env000086,11,24,0,True,0.0,0.5230683088302612,16.442222595214844,7.320779800415039,0.020408162847161293,0.0008315226878039539,0.32454049587249756,False,False,1,1.0193464756011963
env000086,11,25,0,True,0.0,0.5588387846946716,16.419403076171875,9.84085750579834,0.040816325694322586,0.001071909791789949,0.336781769990921,False,False,-1,1.0179316997528076
env000086,11,26,0,True,0.0,0.4683610498905182,16.907814025878906,6.703327655792236,0.05102040618658066,0.0013891618000343442,0.3328164219856262,False,False,0,1.0482110977172852
env000086,11,27,0,True,0.0,0.3978756070137024,16.63895606994629,5.954740047454834,0.040816325694322586,0.0007586511201225221,0.292588472366333,False,False,0,1.0315430164337158
env000086,11,28,0,True,0.0,0.5169994235038757,16.84600830078125,6.212707042694092,0.05102040618658066,0.0013011153787374496,0.43984246253967285,False,False,-1,1.0443793535232544
env000086,11,29,0,True,0.0,0.5066106915473938,16.446979522705078,7.7395219802856445,0.040816325694322586,0.0011163974413648248,0.34492063522338867,False,False,1,1.019641399383545
env000086,11,30,0,True,0.0,0.32252106070518494,16.627689361572266,5.502913475036621,0.040816325694322586,0.0006109552341513336,0.2066115438938141,False,False,1,1.0308445692062378
env000086,11,31,0,True,0.0,0.35155290365219116,16.584667205810547,5.8113884925842285,0.05102040618658066,0.0006104066269472241,0.25071054697036743,False,False,-1,1.0281773805618286
env000091,12,0,0,True,0.0,0.7208061814308167,12.728879928588867,11.972704887390137,0.18367347121238708,0.0006035697879269719,0.36022794246673584,False,False,-1,1.2901170253753662
env000091,12,1,0,True,0.0,0.7953545451164246,12.928131103515625,9.073266983032227,0.18367347121238708,0.0005096863023936749,0.3604266941547394,False,False,-1,1.3103117942810059
env000091,12,2,0,True,0.0,0.4041191041469574,13.586517333984375,5.438966751098633,0.13265305757522583,0.00035018991911783814,0.22956417500972748,False,False,0,1.3770415782928467
env000091,12,3,0,True,0.0,0.949915885925293,13.380203247070312,12.42233943939209,0.17346937954425812,0.001136129954829812,0.4829093813896179,False,False,-1,1.356130838394165
env000091,12,4,0,True,0.0,1.2297115325927734,12.829130172729492,14.639578819274902,0.20408162474632263,0.0009009298519231379,0.5895384550094604,False,False,1,1.3002777099609375
env000091,12,5,0,True,0.0,0.8670403361320496,12.799030303955078,14.292754173278809,0.18367347121238708,0.0006424672901630402,0.33433836698532104,False,False,0,1.297226905822754
env000091,12,6,0,True,0.0,0.5457711815834045,13.028701782226562,7.8854079246521,0.17346937954425812,0.00043869539513252676,0.23669342696666718,False,False,-1,1.3205050230026245
env000091,12,7,0,True,0.0,0.9645357728004456,13.58588981628418,12.294267654418945,0.2142857164144516,0.0007183946436271071,0.6069163680076599,False,False,1,1.3769779205322266
env000091,12,8,0,True,0.0,0.6425351500511169,12.966375350952148,10.73456859588623,0.2142857164144516,0.0004986766143701971,0.25434696674346924,False,False,-1,1.314188003540039
env000091,12,9,0,True,0.0,0.8685243129730225,13.1253080368042,11.55419635772705,0.22448979318141937,0.0009338592644780874,0.43027573823928833,False,False,-1,1.3302963972091675
env000091,12,10,0,True,0.0,0.7898545265197754,13.002549171447754,10.587437629699707,0.19387754797935486,0.0006129132234491408,0.39814603328704834,False,False,-1,1.3178542852401733
env000091,12,11,0,True,0.0,0.8364640474319458,12.872703552246094,10.627744674682617,0.22448979318141937,0.0006234329775907099,0.3635407090187073,False,False,-1,1.3046940565109253
env000091,12,12,0,True,0.0,1.0509192943572998,13.048332214355469,14.322227478027344,0.18367347121238708,0.0011663989862427115,0.5535690784454346,False,False,1,1.322494626045227
env000091,12,13,0,True,0.0,0.8197281360626221,13.212139129638672,9.498183250427246,0.2142857164144516,0.0008247224031947553,0.40228280425071716,False,False,0,1.339097023010254
env000091,12,14,0,True,0.0,1.0399879217147827,13.366815567016602,14.001420021057129,0.23469386994838715,0.0011730821570381522,0.5603872537612915,False,False,1,1.354773998260498
env000091,12,15,0,True,0.0,2.620208501815796,12.825363159179688,40.93422317504883,0.22448979318141937,0.011325248517096043,1.1381034851074219,False,False,1,1.2998958826065063
env000091,12,16,0,True,0.0,0.7234663367271423,12.78409194946289,12.438714027404785,0.19387754797935486,0.0005344474338926375,0.39390701055526733,False,False,0,1.295712947845459
env000091,12,17,0,True,0.0,1.425857424736023,12.881349563598633,18.886215209960938,0.23469386994838715,0.0019039441831409931,0.6563739776611328,False,False,-1,1.305570363998413
env000091,12,18,0,True,0.0,1.1065617799758911,13.06260871887207,15.214667320251465,0.22448979318141937,0.0011162570444867015,0.5809717178344727,False,False,1,1.3239415884017944
env000091,12,19,0,True,0.0,0.7972894906997681,12.896303176879883,10.492532730102539,0.22448979318141937,0.0006951733957976103,0.3586599826812744,False,False,1,1.3070858716964722
env000091,12,20,0,False,0.17198792099952698,2.0429866313934326,13.585466384887695,23.089937210083008,0.22448979318141937,0.0018446061294525862,1.0457983016967773,False,False,1,1.3769350051879883
env000091,12,21,0,True,0.0,0.3362399935722351,13.333028793334961,4.246518611907959,0.15306122601032257,0.0004373475967440754,0.15211351215839386,False,False,-1,1.3513495922088623
env000091,12,22,0,True,0.0,1.3033642768859863,12.812726974487305,15.96324634552002,0.23469386994838715,0.0014449221780523658,0.6103731393814087,False,False,0,1.2986152172088623
env000091,12,23,0,True,0.0,1.12644624710083,12.780069351196289,11.827569007873535,0.23469386994838715,0.0013612847542390227,0.5156627893447876,False,False,-1,1.2953052520751953
env000091,12,24,0,True,0.0,1.003708839416504,13.045894622802734,13.397981643676758,0.20408162474632263,0.0009719046065583825,0.49392756819725037,False,False,-1,1.3222475051879883
env000091,12,25,0,True,0.0,1.039480209350586,12.914501190185547,11.16207218170166,0.19387754797935486,0.0007824927452020347,0.47788581252098083,False,False,1,1.3089303970336914
env000091,12,26,0,False,0.11544721573591232,1.635595679283142,12.841646194458008,17.085599899291992,0.19387754797935486,0.00131908617913723,0.5484367609024048,False,False,1,1.3015462160110474
env000091,12,27,0,True,0.0,0.7305691242218018,13.054471969604492,8.162325859069824,0.22448979318141937,0.0005647818907164037,0.3330302834510803,False,False,-1,1.3231168985366821
env000091,12,28,0,True,0.0,1.1741077899932861,12.773447036743164,16.398683547973633,0.18367347121238708,0.0018858236726373434,0.5417224168777466,False,False,1,1.2946339845657349
env000091,12,29,0,True,0.0,0.5963029861450195,12.879734992980957,11.170745849609375,0.18367347121238708,0.0004563215479720384,0.27653631567955017,False,False,-1,1.3054066896438599
env000091,12,30,0,True,0.0,1.0890593528747559,12.815805435180664,13.981097221374512,0.23469386994838715,0.001324889832176268,0.4905474781990051,False,False,-1,1.2989271879196167
env000091,12,31,0,True,0.0,0.6361607313156128,13.161949157714844,8.337553024291992,0.18367347121238708,0.0005452308105304837,0.28457218408584595,False,False,-1,1.334010124206543
env000096,13,0,0,True,0.0,0.25736790895462036,14.98695182800293,0.9333362579345703,0.0,9.876746480586007e-05,0.4041503071784973,False,False,-1,1.0071715116500854
env000096,13,1,0,True,0.0,0.2075042575597763,15.031795501708984,0.8929785490036011,0.0,0.00010606768046272919,0.32592326402664185,False,False,0,1.0101851224899292
env000096,13,2,0,True,0.0,0.14289435744285583,15.149698257446289,1.1225371360778809,0.0,0.00018555247515905648,0.22444024682044983,False,False,0,1.018108606338501
env000096,13,3,0,True,0.0,0.23584511876106262,15.032865524291992,1.0879055261611938,0.0,0.00014380764332599938,0.3701830208301544,False,False,-1,1.0102570056915283
env000096,13,4,0,True,0.0,0.19789080321788788,15.160761833190918,4.102152347564697,0.020408162847161293,0.00045896266237832606,0.05431842431426048,False,False,-1,1.0188521146774292
env000096,13,5,0,True,0.0,0.21823936700820923,15.001110076904297,1.1828982830047607,0.0,0.0002279277250636369,0.3427514135837555,False,False,1,1.0081229209899902
env000096,13,6,0,True,0.0,0.22573113441467285,15.064493179321289,2.2405619621276855,0.010204081423580647,0.000301936874166131,0.3073433041572571,False,False,-1,1.0123825073242188
env000096,13,7,0,True,0.0,0.27786967158317566,14.973965644836426,0.993951678276062,0.0,0.00010965372348437086,0.43633297085762024,False,False,-1,1.0062987804412842
env000096,13,8,0,True,0.0,0.24671156704425812,14.977190017700195,1.1217491626739502,0.0,9.592875721864402e-05,0.3875029683113098,False,False,1,1.0065155029296875
env000096,13,9,0,True,0.0,0.20812740921974182,15.010591506958008,1.1761527061462402,0.0,0.0001509795110905543,0.3266081213951111,False,False,-1,1.0087600946426392
env000096,13,10,0,True,0.0,0.39319396018981934,15.342066764831543,6.15435266494751,0.05102040618658066,0.0006972271366976202,0.22053217887878418,False,False,-1,1.031036376953125
env000096,13,11,0,True,0.0,0.16398923099040985,15.073074340820312,1.801375150680542,0.010204081423580647,0.00018369790632277727,0.2349856197834015,False,False,-1,1.0129592418670654
env000096,13,12,0,True,0.0,0.10712678730487823,15.14687728881836,2.676586627960205,0.030612245202064514,0.0002998929121531546,0.03074657917022705,False,False,-1,1.0179189443588257
env000096,13,13,0,True,0.0,0.2339472472667694,14.976537704467773,1.215869426727295,0.0,0.00012060139852110296,0.3673573136329651,False,False,0,1.0064716339111328
env000096,13,14,0,True,0.0,0.11905460804700851,15.26341438293457,3.321403980255127,0.030612245202064514,0.00032910765730775893,0.01574552059173584,False,False,-1,1.0257506370544434
env000096,13,15,0,True,0.0,0.2041664719581604,15.024090766906738,1.7920119762420654,0.010204081423580647,0.00015808163152541965,0.297903448343277,False,False,-1,1.0096672773361206
env000096,13,16,0,True,0.0,0.17074215412139893,15.14148998260498,1.7126374244689941,0.020408162847161293,0.00021996352006681263,0.24940147995948792,False,False,-1,1.01755690574646
env000096,13,17,0,True,0.0,0.19834977388381958,15.004720687866211,1.1076478958129883,0.0,0.00013488966214936227,0.31144240498542786,False,False,-1,1.0083656311035156
env000096,13,18,0,True,0.0,0.11427677422761917,15.145598411560059,2.0583744049072266,0.020408162847161293,0.00020585038873832673,0.12121367454528809,False,False,-1,1.0178329944610596
env000096,13,19,0,True,0.0,0.21007183194160461,14.969316482543945,1.2833192348480225,0.0,0.00013902508362662047,0.32991933822631836,False,False,1,1.0059863328933716
env000096,13,20,0,True,0.0,0.07235796004533768,15.271042823791504,2.640284299850464,0.020408162847161293,0.00022441058536060154,0.029125092551112175,False,False,-1,1.0262633562088013
env000096,13,21,0,True,0.0,0.315959095954895,15.401382446289062,4.458409309387207,0.020408162847161293,0.0003696892235893756,0.18573462963104248,False,False,-1,1.035022497177124
env000096,13,22,0,True,0.0,0.15640227496623993,15.299287796020508,2.7086174488067627,0.020408162847161293,0.0002477624511811882,0.10484564304351807,False,False,-1,1.0281614065170288
env000096,13,23,0,True,0.0,0.18589073419570923,15.120194435119629,2.0457653999328613,0.020408162847161293,0.00021912062948103994,0.2405264675617218,False,False,1,1.0161257982254028
env000096,13,24,0,True,0.0,0.12210195511579514,15.201410293579102,2.371709108352661,0.020408162847161293,0.00023214913380797952,0.10923194885253906,False,False,-1,1.0215837955474854
env000096,13,25,0,True,0.0,0.1641957312822342,15.068191528320312,1.145194172859192,0.0,0.00012615635932888836,0.2577371895313263,False,False,-1,1.0126310586929321
env000096,13,26,0,True,0.0,0.24800436198711395,15.085537910461426,0.7161985039710999,0.0,0.00010840682807611302,0.38955479860305786,False,False,0,1.0137968063354492
env000096,13,27,0,True,0.0,0.18296711146831512,15.07482624053955,1.3365718126296997,0.0,0.00014686021313536912,0.28736379742622375,False,False,1,1.013076901435852
env000096,13,28,0,True,0.0,0.14264337718486786,15.053339004516602,2.2216956615448,0.020408162847161293,0.0002724969817791134,0.14585936069488525,False,False,-1,1.0116329193115234
env000096,13,29,0,True,0.0,0.19208402931690216,15.193181991577148,1.613901972770691,0.010204081423580647,0.00010916302562691271,0.2896713316440582,False,False,1,1.0210307836532593
env000096,13,30,0,True,0.0,0.17730750143527985,15.151888847351074,1.2805640697479248,0.0,0.00011063105921493843,0.2784319519996643,False,False,-1,1.0182558298110962
env000096,13,31,0,True,0.0,0.16299335658550262,15.093667030334473,2.708667039871216,0.020408162847161293,0.00041431040153838694,0.12052369117736816,False,False,-1,1.0143431425094604
env000098,14,0,0,False,0.8326922655105591,4.611632823944092,15.065709114074707,4.9319562911987305,0.08163265138864517,0.0005519479745998979,0.24032989144325256,False,False,0,1.0658401250839233
env000098,14,1,0,False,0.8665363788604736,5.123843193054199,14.836014747619629,3.3567230701446533,0.05102040618658066,0.00035670134820975363,0.0528486892580986,False,False,1,1.0495901107788086
env000098,14,2,0,False,0.8326922655105591,4.524233341217041,15.089759826660156,4.355525493621826,0.0714285671710968,0.00044542059185914695,0.12954214215278625,False,False,-1,1.0675415992736816
env000098,14,3,0,False,0.8457385897636414,5.151371479034424,14.860739707946777,3.9322712421417236,0.05102040618658066,0.00041569123277440667,0.10832295566797256,False,False,1,1.0513392686843872
env000098,14,4,0,False,0.8326922655105591,4.562592029571533,15.015449523925781,4.233264923095703,0.08163265138864517,0.0004158036026638001,0.14444081485271454,False,False,-1,1.0622844696044922
env000098,14,5,0,False,0.8326922655105591,4.686953544616699,15.1060791015625,5.9146013259887695,0.06122449040412903,0.0004320125444792211,0.25197139382362366,False,False,-1,1.068696141242981
env000098,14,6,0,False,0.8326922059059143,4.698700904846191,15.095404624938965,5.262442588806152,0.09183673560619354,0.0004605521389748901,0.28528088331222534,False,False,-1,1.0679409503936768
env000098,14,7,0,False,0.8326922059059143,4.655051231384277,15.129477500915527,5.958239555358887,0.10204081237316132,0.0006539566675201058,0.33574190735816956,False,False,-1,1.070351481437683
env000098,14,8,0,False,0.8326923251152039,4.549399375915527,15.280144691467285,6.227193355560303,0.09183673560619354,0.0007763714529573917,0.2880261540412903,False,False,0,1.0810105800628662
env000098,14,9,0,False,0.8326922655105591,4.897958755493164,14.890109062194824,2.772202491760254,0.05102040618658066,0.0003107807715423405,0.040897682309150696,False,False,1,1.0534170866012573
env000098,14,10,0,False,0.8326940536499023,4.605384349822998,14.967142105102539,4.236565589904785,0.06122449040412903,0.00037287926534190774,0.16329289972782135,False,False,0,1.0588668584823608
env000098,14,11,0,False,0.8470444083213806,5.224490642547607,14.87087631225586,3.791499614715576,0.05102040618658066,0.000371510221157223,0.05479525774717331,False,False,1,1.0520564317703247
env000098,14,12,0,False,0.8326922655105591,5.050378322601318,15.143904685974121,6.963525772094727,0.08163265138864517,0.0013571017188951373,0.48878949880599976,False,False,1,1.071372151374817
env000098,14,13,0,False,0.8326923251152039,4.948041915893555,14.981691360473633,5.238561630249023,0.06122449040412903,0.0005822679959237576,0.2793813645839691,False,False,1,1.0598962306976318
env000098,14,14,0,False,0.8326922655105591,4.508787155151367,14.909475326538086,3.1752912998199463,0.05102040618658066,0.00029679652652703226,0.031535759568214417,False,False,0,1.0547871589660645
env000098,14,15,0,False,0.8326922655105591,4.817643642425537,15.01609992980957,6.070969581604004,0.06122449040412903,0.0004954655887559056,0.30773764848709106,False,False,-1,1.0623304843902588
env000098,14,16,0,False,0.8326932191848755,5.001595497131348,14.957357406616211,3.5166637897491455,0.040816325694322586,0.0003348369209561497,0.15395332872867584,False,False,1,1.0581746101379395
env000098,14,17,0,False,0.8326922655105591,4.832042217254639,15.017646789550781,5.3072967529296875,0.08163265138864517,0.0005069962935522199,0.26281267404556274,False,False,-1,1.0624399185180664
env000098,14,18,0,False,0.8326923251152039,4.501668930053711,15.180419921875,4.921700477600098,0.08163265138864517,0.00041844387305900455,0.2201673537492752,False,False,-1,1.0739554166793823
env000098,14,19,0,False,0.8326904773712158,4.757191181182861,15.215574264526367,6.8471360206604,0.08163265138864517,0.0006362804560922086,0.3816356658935547,False,False,-1,1.0764424800872803
env000098,14,20,0,False,0.8326932191848755,4.9868245124816895,14.940813064575195,5.610503196716309,0.05102040618658066,0.0004582430992741138,0.22447416186332703,False,False,0,1.0570042133331299
env000098,14,21,0,False,0.8326922059059143,4.721467018127441,15.215472221374512,4.844178199768066,0.0714285671710968,0.0005083423457108438,0.23823219537734985,False,False,-1,1.0764352083206177
env000098,14,22,0,False,0.8326922655105591,4.70076847076416,14.953861236572266,3.958538293838501,0.05102040618658066,0.0003519772435538471,0.1499267816543579,False,False,1,1.0579272508621216
env000098,14,23,0,False,0.8326922655105591,4.788265705108643,15.317510604858398,4.780901908874512,0.05102040618658066,0.0005494332872331142,0.3375125527381897,False,False,-1,1.0836540460586548
env000098,14,24,0,False,0.8326922655105591,4.059433460235596,15.448166847229004,6.645453453063965,0.09183673560619354,0.0006060292362235487,0.41903239488601685,False,False,-1,1.0928975343704224
env000098,14,25,0,False,0.8326922655105591,4.379335880279541,15.03499984741211,4.139694690704346,0.08163265138864517,0.0003991474804934114,0.07539922744035721,False,False,-1,1.0636675357818604
env000098,14,26,0,False,0.8326922059059143,4.522891044616699,15.293797492980957,5.287555694580078,0.08163265138864517,0.000565650756470859,0.3260909914970398,False,False,-1,1.0819764137268066
env000098,14,27,0,False,0.8326931595802307,4.6452436447143555,14.939698219299316,4.709630966186523,0.05102040618658066,0.00037925958167761564,0.13964013755321503,False,False,0,1.0569252967834473
env000098,14,28,0,False,0.8326903581619263,5.101075649261475,15.008852005004883,5.075952053070068,0.08163265138864517,0.00043826102046296,0.2863479256629944,False,False,1,1.0618176460266113
env000098,14,29,0,False,0.8326922059059143,5.482693195343018,14.956653594970703,8.65231704711914,0.08163265138864517,0.0008598048007115722,0.5198976397514343,False,False,1,1.0581248998641968
env000098,14,30,0,False,0.8326922059059143,4.455090045928955,15.5863676071167,5.72122049331665,0.09183673560619354,0.0006267420249059796,0.4650799632072449,False,False,-1,1.1026746034622192
env000098,14,31,0,False,0.832690417766571,4.157434940338135,15.383298873901367,6.052831649780273,0.10204081237316132,0.0005637698341161013,0.3718545436859131,False,False,-1,1.088308334350586
