path_id,restart,selected_cluster,exploratory_cluster,best_cost,alpha,initial_norm,optimized_norm,delta_norm,radial_signed,radial_magnitude,orthogonal_norm,radial_delta_energy_fraction,optimized_pc1,optimized_pc2
40,0,0,1,0.0037681511603295803,0.8508915883582174,6.984770294077518,7.981786350320879,5.428720496428686,-1.0414880042326053,1.0414880042326053,5.327880344507045,0.03680557272310453,-0.6305818823369624,2.6182363869351475
40,1,0,1,0.0033385029528290033,1.414540676464601,6.44475968286667,10.177268249548563,5.254143876571108,2.6716150385873365,2.6716150385873365,4.524212744920784,0.25854958006060225,2.8394299162381764,2.803693518623914
40,2,0,0,0.003668457269668579,1.0937010224518926,6.043382996521112,9.907478864378948,7.402112694044224,0.5662711658424107,0.5662711658424107,7.380420672432305,0.0058524472894518325,-4.742256290766991,0.9649904453866871
40,3,0,1,0.0037098084576427937,0.7372481321053518,5.125212244528772,7.872551711106244,7.036554356596599,-1.3466590906064573,1.3466590906064573,6.906490172803084,0.036626484877307686,-0.10170717946660482,1.16894788687365
40,4,0,0,0.003977969288825989,0.8192990373543431,7.721950949399803,7.869080512546523,4.883007875758042,-1.395363970059089,1.395363970059089,4.679393689974803,0.08165826723443276,-3.6224365639102802,0.40584183979737665
40,5,0,1,0.003707604017108679,0.9086619677034921,6.787094213691037,8.390828408207108,5.7233086671428985,-0.6199198304895541,0.6199198304895541,5.68963632433206,0.011732126060907259,2.2463840209570014,-2.7518125300569216
40,6,0,1,0.006181265693157911,1.0951291872367,6.2654482397392,9.424875997587094,6.488735878821678,0.5960269987200024,0.5960269987200024,6.461303670460364,0.008437458933325393,2.000006193644272,-1.2281167644294957
40,7,0,1,0.004050660878419876,0.8516204325664886,6.6590263332843325,7.063010649931512,4.324646662662647,-0.988063446861091,0.988063446861091,4.210261201143718,0.05219974794445972,-0.4769958243722287,-2.6685872250758957
40,8,0,0,0.003773069940507412,1.0479190981637883,5.9937616346692915,8.912854718691285,6.330149792058066,0.28721565214206574,0.28721565214206574,6.3236305678824545,0.002058677098222076,-2.125820528080752,-3.6526339213930274
40,9,0,1,0.0035341561306267977,0.901923639758417,7.222677712497779,10.58170304443058,8.368875631583542,-0.7083739412397845,0.7083739412397845,8.338841987727388,0.007164583115047253,1.516431921475916,4.958204180903583
40,10,0,1,0.003683187998831272,0.9739451425116031,5.5333973511075865,8.329692582152594,6.353016044304,-0.14417187940978088,0.14417187940978088,6.35137995465328,0.0005149928690749518,3.1667369092094195,-0.04736221563303782
40,11,0,0,0.0034365388564765453,1.2365938851781757,7.3604412550835505,10.440497890822758,5.40300239837963,1.741435393165945,1.741435393165945,5.114668873771303,0.10388298328673568,-2.1650215428136694,-2.0589534339558595
40,12,0,1,0.00366940232925117,1.1414512323291686,5.3036306718741075,9.01628048107282,6.723629519276939,0.7502050943553688,0.7502050943553688,6.681645473152216,0.012449515992657652,3.1489059342831993,-2.0238159650153773
40,13,0,0,0.003556443378329277,0.7951985780375062,6.948580715857102,9.817405295197677,8.23865488377538,-1.4230792112286978,1.4230792112286978,8.114818534787123,0.02983633861789708,-3.3801370382274594,-2.3078029121025003
40,14,0,0,0.003958320710808039,0.9350683322120011,6.910929626606193,8.20035200558298,5.068256186163367,-0.4487381866210323,0.4487381866210323,5.0483516922309715,0.007839149355473017,-6.022771351143474,1.1099492406221734
40,15,0,1,0.003754508215934038,0.7237578814469695,6.208146997269867,7.130156927043034,5.795808217594742,-1.7149516788144628,1.7149516788144628,5.536274346026414,0.08755395377171651,0.2842754620173631,0.11791790972224662
40,16,0,0,0.0035985035356134176,1.1014613823948611,7.373297445589476,9.993886543612751,5.871988791506421,0.7481049516380066,0.7481049516380066,5.824138678715655,0.016231349257512177,-1.8205190683915748,2.4138487662411103
40,17,0,0,0.004610382951796055,1.084195125864546,7.438559364399775,11.795873328622205,8.630936502129936,0.6262904419365357,0.6262904419365357,8.60818361712492,0.005265452806480756,-4.770064713846712,5.448570019516202
40,18,0,1,0.0034216376952826977,1.0652500405848675,8.028496967824683,10.876997360371659,6.740971379432952,0.5238597529860463,0.5238597529860463,6.720585249629351,0.006039279107926554,5.811906212396579,-1.1655136201739642
40,19,0,0,0.0035944196861237288,1.1796972972402073,6.50800167964133,9.534133215889973,5.7726753592318785,1.1694703122662766,1.1694703122662766,5.652974437569192,0.04104158586788134,-0.7179062859054641,0.24550598096236395
40,20,0,1,0.0037158287595957518,0.9449415147365415,5.554144202672574,8.365671016092815,6.521723625963268,-0.30580276673397117,0.30580276673397117,6.514550154945874,0.002198659818552108,-2.2437978781922507,-0.11116249988265531
40,21,0,1,0.0038332983385771513,0.767660882434878,6.1141061696538985,8.056271198942543,6.7001455130531635,-1.4205460321568553,1.4205460321568553,6.547823979507227,0.04495128935472025,1.7116490355994902,-0.3870909398508361
40,22,0,0,0.0034428026992827654,0.8624779855722399,6.784888517651928,9.408222202376745,7.425732658949375,-0.9330715366152725,0.9330715366152725,7.366877427359965,0.015788877800793313,-1.4917539444500512,-3.4715517937638625
40,23,0,1,0.0032150987535715103,1.0773452847845626,7.497898636523791,10.610562714034048,6.904280399884154,0.5799271053277162,0.5799271053277162,6.879881713571151,0.007055210467232639,0.9576800441787726,-2.4771685619441537
40,24,0,1,0.004015179350972176,1.2072400517765336,7.411312107554735,13.939525972346495,10.798910210996814,1.5359207049016934,1.5359207049016934,10.689125751595663,0.020229154413042343,4.590473564932177,9.357914504443816
40,25,0,1,0.003691451856866479,1.1269250973356062,7.6130454007556265,10.40584763485695,5.96744822369675,0.9662865285112969,0.9662865285112969,5.888694986779252,0.026220111284528162,2.1685463545451906,0.24171947441816652
40,26,0,1,0.0033909243065863848,0.926131395978175,6.731234900116737,11.256420426259279,9.385700826225749,-0.49722692541461233,0.49722692541461233,9.372520759329234,0.0028065698977460802,7.100901419365345,-1.3733221785373553
40,27,0,0,0.003458312712609768,0.9376695932736435,7.414404784072015,9.259456217425974,6.133282945613597,-0.462142865825052,0.462142865825052,6.1158469292912825,0.0056776223985977444,0.2720713745221526,0.18487290780372373
40,28,0,0,0.0044997395016252995,1.053325750764877,7.4451431587398496,9.768394618269737,5.837779314681041,0.3970178484917903,0.3970178484917903,5.824263400198929,0.004625138224179536,-7.08003189944529,-0.9641248273161802
40,29,0,1,0.0026627567131072283,0.9825044486317701,8.04761720310619,11.657554636007124,8.567415375291777,-0.14079750016879491,0.14079750016879491,8.566258359209822,0.00027007864207977887,2.174906644502362,-4.862273353063912
40,30,0,1,0.0037236795760691166,0.8566606377486986,6.57689808304363,8.978417615272406,7.053853655138117,-0.9427283768152805,0.9427283768152805,6.990573266596424,0.017861596295967203,0.2326796170108755,1.7791609686617234
40,31,0,1,0.0034522030036896467,0.8933552562274238,7.059468272935589,9.875342893305477,7.636479525996661,-0.7528551851378465,0.7528551851378465,7.599278164482285,0.009719334035828541,1.1688173664714765,-2.2680812887168553
43,0,0,1,0.0042926413007080555,0.9334412865668091,6.984770294077518,13.702627597597896,12.061069150782469,-0.4648973244001698,0.4648973244001698,12.052106020846404,0.0014857388460286787,6.384871205378377,-3.2888030023430854
43,1,0,2,0.008575301617383957,1.0040375105340387,6.44475968286667,11.47741316557292,9.479487865374892,0.02602078510892189,0.02602078510892189,9.479452152341514,7.5347880842520235e-06,-1.4764413736055346,2.124347093054806
43,2,0,2,0.0052963607013225555,0.6729796954269949,6.043382996521112,10.011911143094466,9.359651194414726,-1.9763089481736544,1.9763089481736544,9.14862139464071,0.04458516165222216,-1.7493178685634694,1.7643367535892223
43,3,0,2,0.006562515627592802,0.512652420806297,5.125212244528772,9.34009847249237,9.304447159471012,-2.4977597802250218,2.4977597802250218,8.962919893855933,0.0720643026890722,-3.674816625791881,-3.3105917078954468
43,4,0,2,0.0054284497164189816,1.118991907088261,7.721950949399803,12.884290819201,9.601343618835823,0.9188496699110903,0.9188496699110903,9.55727547845429,0.009158511640904678,-2.443783945927789,2.8404404283494125
43,5,0,2,0.005689084995537996,0.6278350219128567,6.787094213691037,11.692528595144413,11.177561201338897,-2.525918769313702,2.525918769313702,10.888416265945448,0.051067505824935695,-1.7596111213413557,-0.02162512757772404
43,6,0,0,0.004378531593829393,1.3000465275850643,6.2654482397392,13.540360845309106,10.978541443670712,1.8799259880977006,1.8799259880977006,10.81638805284233,0.02932190699439202,1.0511799520614318,0.08091463872764969
43,7,0,2,0.004991153720766306,0.8263950765937208,6.6590263332843325,12.101752125791304,10.840017120332572,-1.1560397565502227,1.1560397565502227,10.778197588204558,0.011373276655034322,-4.925959083126828,1.6825055822895632
43,8,0,1,0.004600344691425562,0.7303447686061979,5.9937616346692915,11.693170589249709,10.962658644532647,-1.6162491805160413,1.6162491805160413,10.842860468669123,0.021736261631119042,7.2548507206725805,3.316574642753066
43,9,0,2,0.005762684158980846,0.6754763460256085,7.222677712497779,11.850915003458912,11.051516257717234,-2.343929762739179,2.343929762739179,10.800092817283273,0.044982693154342175,-4.999351602644279,-0.5422397271352752
43,10,0,2,0.004976825788617134,0.9839503576935367,5.5333973511075865,11.645672989364328,10.294952386211822,-0.08880904822480844,0.08880904822480844,10.294569325004417,7.441590139348204e-05,-1.308403747464147,7.866817638188751
43,11,0,1,0.004974109586328268,1.1248093348121533,7.3604412550835505,12.912524546636034,9.951574238350293,0.9186517769709086,0.9186517769709086,9.909082133783402,0.008521543485229032,7.41356948643407,0.007389553402342787
43,12,0,2,0.006240495014935732,0.03337675773166496,5.3036306718741075,10.804382692910615,11.957654767220772,-5.126612675840738,5.126612675840738,10.802932472432971,0.1838099397745054,-2.8793380128383106,-1.76997887540651
43,13,0,2,0.0056496430188417435,0.38106628179195534,6.948580715857102,11.903582095121559,12.376597527647029,-4.300710898734153,4.300710898734153,11.605345842622176,0.12074744840567418,-5.724022881059364,0.29986754523868725
43,14,0,1,0.004094516392797232,1.1440864956607326,6.910929626606193,13.295807465573292,10.735647745553392,0.9957716316556217,0.9957716316556217,10.689367211121317,0.00860325890932576,2.020879739164627,-7.994195871386808
43,15,0,2,0.006254913285374641,0.7053883882415188,6.208146997269867,10.27506733958477,9.4733956147754,-1.8289921928992505,1.8289921928992505,9.295160678135659,0.03727454537320636,-5.88603158227429,-3.308163844177472
43,16,0,1,0.0049188160337507725,0.7595657548839524,7.373297445589476,11.538072459487994,10.242278266300758,-1.772793205346388,1.772793205346388,10.08768894918031,0.029958703550846108,7.750800919512767,2.5270209521079323
43,17,0,1,0.005070604383945465,0.750052597498152,7.438559364399775,12.919641414175727,11.800221646015729,-1.8592485914875212,1.8592485914875212,11.65282908010539,0.02482530498694459,2.5885638645210904,0.459702971529924
43,18,0,2,0.005882384721189737,1.1193510873517416,8.028496967824683,13.488156439961523,10.103842385440274,0.9582098429100363,0.9582098429100363,10.058303278722995,0.008993901557976166,2.3650432530857857,8.037525844937367
43,19,0,2,0.0053268251940608025,0.6277811076507412,6.50800167964133,12.478896821416948,12.037390160227977,-2.4224011766032114,2.4224011766032114,11.79112947978881,0.04049742996210953,-4.621817310449243,-4.641601450999746
43,20,0,0,0.0045472485944628716,0.7416870592265091,5.554144202672574,11.24404973517318,10.560174209654427,-1.4347073224723883,1.4347073224723883,10.462260474538693,0.018457992459737692,-0.3905607738167266,-6.937139506229252
43,21,0,2,0.0057782018557190895,0.5487648068373358,6.1141061696538985,11.116998043455098,10.9517927656315,-2.7588998784808143,2.7588998784808143,10.598595956156505,0.06346020131817934,-1.7424855795032381,3.1513687394341714
43,22,0,2,0.006743112578988075,0.9773504916001517,6.784888517651928,12.828383813322317,10.982624743936421,-0.1536743894725913,0.1536743894725913,10.981549546769108,0.00019579008872079665,-2.0734279254549186,3.428300328882681
43,23,0,1,0.004427615087479353,0.9073245802324895,7.497898636523791,12.617087206111572,10.648593747677465,-0.6948709035140869,0.6948709035140869,10.625897761155297,0.004258177258093232,2.74764825495065,-2.089509160478263
43,24,0,1,0.004829201847314835,0.6644737758376322,7.411312107554735,10.597526402710992,9.707691986244644,-2.48668956753668,2.48668956753668,9.383797669094466,0.0656162139877235,4.237396997937936,-1.507093315497372
43,25,0,2,0.0059840017929673195,0.354480586108264,7.6130454007556265,10.289418035505047,11.078821500847763,-4.914368605026948,4.914368605026948,9.929212811777788,0.1967652154244805,-2.195437948357544,4.733174500827255
43,26,0,2,0.00628241989761591,0.6312460336428457,6.731234900116737,12.00235833940757,11.496226131818469,-2.48216956789975,2.48216956789975,11.225063452386282,0.046617856194242316,-2.5522821977728047,-0.16767096975311416
43,27,0,2,0.005383980926126242,0.901219297834072,7.414404784072015,11.779583767760176,9.728608184579151,-0.7324001107130498,0.7324001107130498,9.701000324032979,0.005667550220287358,-0.05181328532099671,3.7286925975551104
43,28,0,1,0.005285164806991816,0.8502746478683789,7.4451431587398496,11.275420758555104,9.396997183985205,-1.1147266811126537,1.1147266811126537,9.330645235043578,0.014072089832004088,1.9695499499123634,-1.7300537954557116
43,29,0,2,0.005308208987116814,0.17288374280166885,8.04761720310619,10.939840984889845,12.72992257092888,-6.656315020398094,6.656315020398094,10.85100912408921,0.2734111431303967,-4.002752580279992,-2.234517793186318
43,30,0,1,0.0031383608002215624,0.9793836929646637,6.57689808304363,10.01410107145708,7.66877909821995,-0.13559135022014251,0.13559135022014251,7.667580312135026,0.0003126162254127901,3.608234679092502,-3.6263477003237456
43,31,0,0,0.0046492815017700195,1.0408810139641709,7.059468272935589,13.549307827810726,11.387403143210312,0.28859822104550104,0.28859822104550104,11.383745491392782,0.0006422999782791599,5.065066422868541,-2.879447963022099
69,0,0,0,0.002472978550940752,0.46411386265528215,6.984770294077518,8.785369028041888,8.982441988506672,-3.7430415731333304,3.7430415731333304,8.165408982940367,0.17364427101737373,-4.778706554259628,0.9020546606215651
69,1,0,1,0.002461726777255535,0.7008133772431451,6.44475968286667,10.224322210956814,9.373111894993393,-1.9281858839964185,1.9281858839964185,9.172640066677836,0.04231849313117023,5.703680817122476,-2.3434568016025343
69,2,0,0,0.00264816009439528,0.5705989986500832,6.043382996521112,9.769065538907196,9.501459927158772,-2.595034710247226,2.595034710247226,9.14021529287008,0.07459430299912055,-2.180136778290463,-2.4831075085315284
69,3,0,1,0.0018015707610175014,0.9479498654653162,5.125212244528772,9.878938257771932,8.605818128142758,-0.26676798684653114,0.26676798684653114,8.601682422402282,0.0009609108463601423,0.8351434139858871,-1.8680666591043178
69,4,0,0,0.0022821533493697643,0.4726674515877241,7.721950949399803,9.110643509612734,9.287810524120298,-4.072036072861592,4.072036072861592,8.347571296687061,0.19221909989194322,-4.15502534326802,0.3384920435619755
69,5,0,1,0.00245645665563643,0.32121421456061355,6.787094213691037,9.692930817014341,10.508297498771018,-4.606983076691385,4.606983076691385,9.444576393558178,0.19220669663826667,5.215676305855683,2.2136698370547148
69,6,0,0,0.0022974868770688772,0.70670915193152,6.2654482397392,10.634638854159494,9.842076005034118,-1.8375986277622756,1.8375986277622756,9.669006741755563,0.034860040448013115,-2.8213005904645154,7.278013789601756
69,7,0,1,0.002538819797337055,0.36952689533394334,6.6590263332843325,8.941893619450004,9.56705300274907,-4.1983370063988,4.1983370063988,8.596654555006403,0.19257425841417428,1.9988810400687687,4.885447913496819
69,8,0,0,0.001840562210418284,0.328895705535203,5.9937616346692915,9.872732672083243,10.476867617151681,-4.022439173024903,4.022439173024903,9.673920516865758,0.14740630442587557,-0.5524338079435133,-4.906135495543755
69,9,0,1,0.0031015293207019567,0.7721160355999889,7.222677712497779,9.827221772112825,8.257317566060681,-1.6459324307075978,1.6459324307075978,8.091612930702954,0.03973251264187998,1.2575492537055648,2.014328371857456
69,10,0,1,0.0022459193132817745,0.6300838395890999,5.5333973511075865,9.300202862217873,8.861593128328034,-2.0468931021495638,2.0468931021495638,8.621952296342352,0.053353966660337294,5.581409645494499,0.5664366547094932
69,11,0,0,0.0023097326047718525,0.7848993112190906,7.3604412550835505,10.937694194373176,9.42144838769516,-1.5832359836998928,1.5832359836998928,9.287467552671263,0.028239432001222847,0.016460400451621476,-5.520507703382431
69,12,0,0,0.002504426520317793,0.5938956592534742,5.3036306718741075,8.725248915073088,8.41710644140386,-2.153827437564488,2.153827437564488,8.136873368506896,0.065478115520737,-4.176563344855863,-0.32097826826971176
69,13,0,0,0.002308407099917531,0.5094190862647602,6.948580715857102,8.686365549597303,8.633851240036421,-3.408841076748244,3.408841076748244,7.932413866443956,0.15588502102649185,-4.9098362726802165,3.041214614535521
69,14,0,0,0.0032064940314739943,0.3929667979595115,6.910929626606193,7.405364306184038,8.066190858529112,-4.195163740315235,4.195163740315235,6.889414790688893,0.2704959985158091,-0.870971523408905,-0.2034196171891876
69,15,0,0,0.0023560787085443735,0.6490560054059429,6.208146997269867,9.531061643489297,8.907950071125992,-2.178711906248988,2.178711906248988,8.637406375715019,0.0598196772043284,-4.076996503095448,0.9823635982639147
69,16,0,1,0.0030124024488031864,0.40459790979988,7.373297445589476,7.467183995246131,8.132158655158277,-4.39007671077118,4.39007671077118,6.845380257239926,0.2914288430155754,2.9101632376425615,-3.2237801479530375
69,17,0,0,0.0030758576467633247,0.7738984275267166,7.438559364399775,8.448903151730569,6.408835952668051,-1.681869969226657,1.681869969226657,6.184213100696331,0.06886943530191317,-2.1947953237504034,-1.2792663394716186
69,18,0,0,0.002335540484637022,0.45446549318690704,8.028496967824683,8.891271849797818,9.215461409292995,-4.3798221337926515,4.3798221337926515,8.108137089523611,0.22588051975749363,-2.7707526815124073,-1.2791834592966993
69,19,0,1,0.0030059281270951033,0.6712049547700832,6.50800167964133,9.053127494987057,8.213200273447214,-2.1397987066140454,2.1397987066140454,7.929559901213071,0.06787674620877455,1.389518920037892,1.522528917504763
69,20,0,1,0.0030576058197766542,0.5040403504573975,5.554144202672574,7.548795457280544,7.532266273151678,-2.7546314122665674,2.7546314122665674,7.010495060422807,0.13374441717371074,0.3953213304423075,1.6346029108797202
69,21,0,1,0.002306130947545171,1.0244219878877683,6.1141061696538985,9.858149899827485,7.61412669442151,0.14931862681981684,0.14931862681981684,7.612662429556881,0.000384580957936365,6.288298957738515,-0.9339906299652929
69,22,0,1,0.0036857635714113712,0.7853910272906667,6.784888517651928,7.6711394294976225,5.707065142168002,-1.4560979547206316,1.4560979547206316,5.518185506414901,0.06509618304721852,0.17843835565732105,0.9484422706446368
69,23,0,0,0.002879021456465125,0.6805479903722939,7.497898636523791,10.94473985035205,9.974320116633491,-2.3952187874223627,2.3952187874223627,9.682457784543057,0.05766652403288484,-3.530384583084032,-1.4181505639051923
69,24,0,0,0.002683386905118823,0.2410123046638762,7.411312107554735,8.013849357718813,9.626676437109223,-5.625094695929679,5.625094695929679,7.8122473646587585,0.3414341258648215,-2.997168370032593,-0.06090907443096058
69,25,0,1,0.002525565680116415,0.7645660239363963,7.6130454007556265,9.73206125577462,8.002833092713587,-1.7923695486526285,1.7923695486526285,7.799535172745521,0.050161162761365057,1.0943497780111866,-5.729643229756522
69,26,0,0,0.002745491685345769,0.994057005157503,6.731234900116737,11.889862373017563,9.828420651106354,-0.04000369429502992,0.04000369429502992,9.828339239135806,1.65665748866569e-05,-4.715781359113376,-2.3118265532712368
69,27,0,1,0.0022906765807420015,0.837553688863731,7.414404784072015,10.062079325089819,8.008276566897662,-1.2044427064436034,1.2044427064436034,7.917184558845208,0.022620081526664892,4.929975759980187,-1.3023968855670054
69,28,0,1,0.0026976235676556826,0.5542060747025318,7.4451431587398496,10.848146261592131,10.56754346516548,-3.318999593136229,3.318999593136229,10.032807014436349,0.09864300928913665,4.8026507202447,0.9412477528336579
69,29,0,0,0.0026308924425393343,0.4764385535526044,8.04761720310619,8.723016297248497,8.89622881222571,-4.2134221033132215,4.2134221033132215,7.835174615717666,0.224314862343359,-3.4284341554422637,0.05983186850532847
69,30,0,1,0.0030234563164412975,0.16237856634652723,6.57689808304363,8.838081183187615,10.35952250517997,-5.508950801311782,5.508950801311782,8.773321355339524,0.2827862646203081,0.9130304433220103,3.936991340824349
69,31,0,1,0.0025498708710074425,0.49010912663624445,7.059468272935589,9.745209336366013,9.795659751404967,-3.59955844317085,3.59955844317085,9.11033089297489,0.13503025107603878,4.648738811440467,3.9191523923453633
16,0,0,1,0.007236237172037363,1.0985544639621423,6.984770294077518,10.161842861575431,6.697736770724107,0.6883802922315048,0.6883802922315048,6.662267663729599,0.010563326565076634,0.14061345766269281,-2.141692491325354
16,1,0,1,0.005572703201323748,1.1178522590774909,6.44475968286667,9.280089365146186,5.898742341624215,0.7595294878373706,0.7595294878373706,5.849638977746902,0.016579461706333908,1.147648862227316,-0.20729816715996463
16,2,0,1,0.006808167323470116,0.9591235429844247,6.043382996521112,7.161515484833015,4.213151433842265,-0.24703208528595386,0.24703208528595386,4.205903012829279,0.003437894856513692,-1.4704926778419347,-0.7098253772336452
16,3,0,2,0.006765096448361874,1.2095529099993172,5.125212244528772,12.047872304385212,10.386262004283406,1.0740031402051362,1.0740031402051362,10.330583510937348,0.010692827346754486,4.1928546847184,2.2434410194956715
16,4,0,1,0.006793111562728882,0.8693901775606552,7.721950949399803,11.253397596585597,9.087715527552138,-1.0085626423864384,1.0085626423864384,9.031576545991,0.012316755138144722,-6.168448108197686,-1.0777165373278756
16,5,0,1,0.007438529282808304,0.939672494717363,6.787094213691037,10.105385598670395,7.849337603084505,-0.40944846203020085,0.40944846203020085,7.838651208220551,0.0027210246179321194,-0.3544254837060586,-1.4919836499288244
16,6,0,2,0.007145663257688284,1.5901805949544954,6.2654482397392,16.03380634912697,13.095458466264477,3.6977459697858768,3.6977459697858768,12.562551778384451,0.07973201316937328,11.10439540368096,-7.671623527657076
16,7,0,1,0.007718589622527361,0.9483894923382181,6.6590263332843325,7.99451856100828,4.913938011603904,-0.34367572959397835,0.34367572959397835,4.901905116867705,0.00489145856874665,0.11003859234724025,-2.356959416574703
16,8,0,1,0.006682303734123707,0.6959989057407544,5.9937616346692915,9.628078876357943,8.86664037204961,-1.8221100956685492,1.8221100956685492,8.677397437395776,0.0422309684461198,1.1308177354668016,-3.9824286529053765
16,9,0,1,0.008101212792098522,1.0317454875233616,7.222677712497779,8.77730707560197,4.643480139851773,0.2292874252073601,0.2292874252073601,4.637815766698762,0.002438222249322222,-1.5248936636745853,0.20946000020066097
16,10,0,1,0.0054207248613238335,1.0589637542161898,5.5333973511075865,8.638649476912592,6.355864751931476,0.32626988139122354,0.32626988139122354,6.347484912100375,0.002635145960787497,0.307813503753598,0.8111100181992774
16,11,0,0,0.006496809422969818,1.1891896537340696,7.3604412550835505,12.126357503017944,8.507252043778468,1.3925193323792175,1.3925193323792175,8.392510187382738,0.026793155634614024,2.7476892032256837,1.6688412841906959
16,12,0,1,0.0067964899353682995,1.145877583303455,5.3036306718741075,8.206968199395856,5.56948776937963,0.7736808251470736,0.7736808251470736,5.515488373124271,0.019297149337413385,0.9753922250953115,-0.18507698377478948
16,13,0,1,0.006961541250348091,1.051202421696212,6.948580715857102,8.712243839703566,4.761935410235665,0.35578416000348145,0.35578416000348145,4.748625746755258,0.0055822105951488015,-1.26771094650636,1.982338626095699
16,14,0,1,0.004449827130883932,1.1326966737828543,6.910929626606193,11.042168715111243,7.841753864780037,0.9170573741980252,0.9170573741980252,7.787946420477074,0.013676236476937534,-6.317597543497164,-2.9648813404533656
16,15,0,1,0.006115659140050411,1.1795498794781922,6.208146997269867,10.027726623860612,6.940757615936849,1.1146720451427057,1.1146720451427057,6.850665844643332,0.025791729336948947,-1.0610834459103942,-1.873422936154061
16,16,0,0,0.005592029541730881,0.8781336550394657,7.373297445589476,8.665197835134675,5.82844675403994,-0.8985568100008333,0.8985568100008333,5.758766119914911,0.02376760456881364,-1.3364593784143823,5.951629110061139
16,17,0,1,0.00573311373591423,1.2119235693090369,7.438559364399775,14.143832893989574,11.011969103188038,1.5764060510207611,1.5764060510207611,10.898550706028445,0.020493031993011918,-8.03296857285374,-2.274165250246064
16,18,0,1,0.0044888961128890514,1.1396071929252354,8.028496967824683,11.596440555740205,7.212725861175499,1.1208359250867679,1.1208359250867679,7.1251063976269675,0.02414822607663123,0.766146576660302,-1.8765372313437823
16,19,0,2,0.007102548144757748,1.2928811691289666,6.50800167964133,12.711296272450383,9.71666294024696,1.9060711406266309,1.9060711406266309,9.52787654733409,0.03848078616024168,5.764497471807742,2.9637824659276215
16,20,0,1,0.006642268504947424,1.0295290744848022,5.554144202672574,7.087686850849571,4.191053651586728,0.164008737860051,0.164008737860051,4.1878433404777695,0.0015313960833560404,-3.719719163804594,0.906113663964889
16,21,0,1,0.0069120293483138084,0.9542002841836243,6.1141061696538985,7.538697204722405,4.782662249988585,-0.2800243250412976,0.2800243250412976,4.774457516289263,0.0034280890411186294,1.3912356438631208,0.5698835254442646
16,22,0,2,0.009360487572848797,1.1023317139088897,6.784888517651928,8.5947935657313,4.291170265060034,0.694309270692068,0.694309270692068,4.234628304865311,0.026179083282195943,1.3366858238864834,-0.7957492634058453
16,23,0,1,0.006262527778744698,1.0963756130037627,7.497898636523791,9.17212537142578,4.131975091563563,0.7226145773350572,0.7226145773350572,4.068297718939039,0.03058426493272481,0.7789865959941428,3.805326340226719
16,24,0,1,0.005196698475629091,1.061845326847743,7.411312107554735,9.487645362316064,5.319195724160363,0.45835501966235775,0.45835501966235775,5.299410705717778,0.007425266441239182,-5.937974058239922,1.5619362611731613
16,25,0,0,0.006503554061055183,0.9776668848649832,7.6130454007556265,9.636807362633313,6.123592230319619,-0.17002301946318546,0.17002301946318546,6.121231410107236,0.0007709086567807064,-0.07990423034079655,7.93508140529024
16,26,0,1,0.006090235430747271,1.204226524986142,6.731234900116737,10.97103798377336,7.519796419060666,1.3746967125162812,1.3746967125162812,7.393074268037251,0.03341962879401907,2.0049815345583974,-1.8355669705533018
16,27,0,0,0.005229846108704805,1.0695045765585864,7.414404784072015,11.683886046022971,8.5963939702899,0.5153350649508829,0.5153350649508829,8.580933461067547,0.003593740935453459,4.506059258057163,8.6835228893385
16,28,0,1,0.006128277629613876,0.9085565384276246,7.4451431587398496,10.220458425185752,7.691883031269075,-0.6808096623370609,0.6808096623370609,7.661694510380432,0.007834045305718802,-1.9933880718690722,-1.922319336079413
16,29,0,2,0.007329938001930714,0.983979102767298,8.04761720310619,11.867212056970823,8.839781598253978,-0.12893004817908854,0.12893004817908854,8.838841312497141,0.000212728275553903,3.268172422210195,-2.6300731257752537
16,30,0,1,0.007189147174358368,0.5637890949345625,6.57689808304363,8.74559172440278,8.424185713813362,-2.8689146653276025,2.8689146653276025,7.92062078273448,0.11597900970594334,-1.570169995859791,-2.0493040267307485
16,31,0,1,0.009146519936621189,1.0322687283702028,7.059468272935589,8.847168762458026,5.021952624639868,0.22780006413742307,0.22780006413742307,5.0167833613687405,0.0020576071539431967,-0.8387936544990632,-1.245842324979095
35,0,0,0,0.002807648852467537,0.9297839955491913,6.984770294077518,11.625112648653094,9.654402452073976,-0.4904426620568232,0.4904426620568232,9.641937186159565,0.0025806296603888596,6.312033821955656,-4.939812627314443
35,1,0,0,0.0027545129414647818,0.8288164170553031,6.44475968286667,12.16303571902974,10.98292792936134,-1.1032370537306453,1.1032370537306453,10.927377265603173,0.01009023804557671,0.34284690057052125,-5.377108061585699
35,2,0,1,0.002959461649879813,0.9564318518696866,6.043382996521112,11.501712150896896,9.94732817526116,-0.26329900560064906,0.26329900560064906,9.943842891960545,0.0007006248639274168,-6.416442728366212,1.6142013609116936
35,3,0,1,0.0030075639951974154,1.2884202273977972,5.125212244528772,10.805104809377944,8.679294866150487,1.4782148810289628,1.4782148810289628,8.552487365620058,0.029007229676214677,-2.085250259257536,-1.8896241268125644
35,4,0,1,0.0035999780520796776,0.8472249908448715,7.721950949399803,11.569103817688266,9.614319218368385,-1.1797211269900083,1.1797211269900083,9.54166610688202,0.015056417151668933,-3.9205923579768482,3.849399785104135
35,5,0,0,0.002618984319269657,0.9138471734915206,6.787094213691037,11.599544467141085,9.819469599277214,-0.5847273502888286,0.5847273502888286,9.802044538613034,0.0035459348873497377,2.6852213410429826,-3.598301851408985
35,6,0,1,0.0030794343911111355,0.6679424958200756,6.2654482397392,9.830628603059083,9.135415189720469,-2.0804891050562997,2.0804891050562997,8.895356978352105,0.05186499155115745,-5.361940012292767,-0.7468699158448288
35,7,0,2,0.0037190609145909548,0.7658739149863941,6.6590263332843325,10.84473002673139,9.696858829900053,-1.5590517654143679,1.5590517654143679,9.570706805652808,0.025849903408324097,0.8909439285932554,4.5014243272656405
35,8,0,0,0.0028027156367897987,0.955036009636245,5.9937616346692915,9.284415926885258,7.314771311048359,-0.26950344038391433,0.26950344038391433,7.309804869389973,0.0013574602508038137,2.496434950921191,-2.9108730388929356
35,9,0,2,0.0034298673272132874,1.307505894865549,7.222677712497779,13.393224324675536,9.753359387075564,2.2210159733070856,2.2210159733070856,9.49711047528509,0.05185550995646971,6.6403433051056755,4.296425189211724
35,10,0,0,0.0028256450314074755,0.7891069230833438,5.5333973511075865,12.056347335243137,11.29829537462885,-1.1669551931775537,1.1669551931775537,11.237868745873284,0.01066798787015794,0.5044260544450019,-3.774973008045893
35,11,0,0,0.003031601430848241,0.8949880539131934,7.3604412550835505,11.441674762101922,9.386911117373243,-0.7729342602539412,0.7729342602539412,9.355034631405225,0.006780156279955207,1.4699109922617857,1.6126091767397304
35,12,0,0,0.002704750979319215,1.4905814215191238,5.3036306718741075,11.681367570525955,8.984832366165326,2.601862674220425,2.601862674220425,8.59985600301485,0.08385882719637618,5.713461289035814,-4.2524230036906285
35,13,0,1,0.0035805858206003904,0.9382254256521985,6.948580715857102,12.410835751555148,10.569359758628202,-0.4292456160434146,0.4292456160434146,10.560639843703443,0.001649355888954413,-4.587496286821281,5.149866032565072
35,14,0,0,0.002930429996922612,0.7890963788249077,6.910929626606193,10.162076597246815,8.697859872434558,-1.4575400839374748,1.4575400839374748,8.574866953149936,0.028081234811176248,5.491160573636249,0.3119035837767961
35,15,0,0,0.002923036692664027,0.7747098194648989,6.208146997269867,11.031983768602064,10.02643678440144,-1.398634557803374,1.398634557803374,9.92840651692488,0.01945876483070687,3.3625858993451136,-3.996679503208102
35,16,0,0,0.0036353629548102617,0.894539531178558,7.373297445589476,10.88422103641269,8.692961393807797,-0.7775914053718069,0.7775914053718069,8.658113501249836,0.008001426158643497,-0.0974329717520763,0.9913112129557617
35,17,0,0,0.0032723417971283197,0.678111849955976,7.438559364399775,9.45580617582786,8.348750909303213,-2.394384112799295,2.394384112799295,7.9980351628362785,0.08225165341945902,-0.9600023428312433,2.0828409103847196
35,18,0,1,0.0034855583216995,0.9402202627580667,8.028496967824683,11.385686022828658,8.53718334267887,-0.47994143918421783,0.47994143918421783,8.523682047182858,0.003160438053313666,-6.495218808182493,-1.3613246520074613
35,19,0,0,0.0027523452881723642,0.9831336438638875,6.50800167964133,10.822265411436982,8.729035511745504,-0.10976627406324925,0.10976627406324925,8.728345337484786,0.00015812674263060807,1.632718899964591,-5.764752876432744
35,20,0,2,0.003645799122750759,1.1395074918609935,5.554144202672574,11.224251263820223,9.30204815676392,0.7748447271491286,0.7748447271491286,9.269720360375723,0.006938605514394087,1.895774100917094,8.99270041560599
35,21,0,1,0.003087925026193261,0.7444082880884689,6.1141061696538985,10.393358491799042,9.473585153059531,-1.562714862710694,1.562714862710694,9.343807463241795,0.02721013892371221,-3.927185127574315,1.914814987721969
35,22,0,1,0.003322564996778965,0.8656357869957846,6.784888517651928,11.265032164197718,9.655934611102422,-0.9116462059956391,0.9116462059956391,9.612802630293594,0.008913823399407916,-7.073564062910982,-0.40052434386833585
35,23,0,1,0.0033902982249855995,0.819888589950836,7.497898636523791,10.555816869655496,8.686654514664065,-1.350457095830004,1.350457095830004,8.581039114784174,0.024168877700671488,-3.130101144229625,-1.3931368953951193
35,24,0,0,0.0031451452523469925,0.7718392603719493,7.411312107554735,10.561475981123149,9.037801022051807,-1.6909704520740156,1.6909704520740156,8.878201746097758,0.035006322258951734,0.2503122713753455,0.03146966319569178
35,25,0,0,0.002635716460645199,0.8737075463203999,7.6130454007556265,9.346621424677798,6.6362869212581,-0.9614701836356223,0.9614701836356223,6.566268284744463,0.020990429854771182,0.8998891782537478,-1.460624200780369
35,26,0,1,0.0031667810399085283,0.8075633044985744,6.731234900116737,11.34999351733581,10.047450394638586,-1.2953366008223337,1.2953366008223337,9.963601885025973,0.016620861580713197,-3.3462350363788556,0.10600165447349114
35,27,0,1,0.0027166022919118404,1.2285047980945298,7.414404784072015,13.372777943326275,9.93651956473062,1.6942270681754918,1.6942270681754918,9.791017092301283,0.029071982472923263,-6.471758747021,-2.0725672729845317
35,28,0,2,0.003648841055110097,0.7044286842734553,7.4451431587398496,11.121444169724908,10.051044345368158,-2.2005707592012205,2.2005707592012205,9.807190258494316,0.04793451057420404,5.279680071628118,2.249808913793466
35,29,0,0,0.002709759632125497,0.6747307711758199,8.04761720310619,11.710835424286023,10.700985429200193,-2.6176422415265557,2.6176422415265557,10.37588734765999,0.059837444173570224,0.03731146544409209,-5.571555755567924
35,30,0,2,0.00358783733099699,1.4156023280595833,6.57689808304363,12.467499212205585,8.730904977991651,2.7333741547235433,2.7333741547235433,8.29200623884285,0.09801208861868527,7.545291587082339,7.248587334699105
35,31,0,2,0.0029977508820593357,0.8659687808536104,7.059468272935589,10.474584224823273,8.55803755555786,-0.9461891391468144,0.9461891391468144,8.505570698977191,0.012223836754351599,0.4228732540166644,4.557786585435574
76,0,0,1,0.0028371275402605534,1.68249714409947,6.984770294077518,17.84007287749453,14.243847301614668,4.767085777898721,4.767085777898721,13.42244683870535,0.11200858598951903,3.3305290310589952,10.27375749422031
76,1,0,0,0.002587819704785943,1.5744205927132318,6.44475968286667,17.526256113839242,14.762035455916692,3.7020026769266123,3.7020026769266123,14.290306749043902,0.06288990934857262,6.810622989497522,-2.2708875784455604
76,2,0,1,0.0028104507364332676,0.6953773472572153,6.043382996521112,12.385340423935425,11.795140001979924,-1.8409513599409002,1.8409513599409002,11.650589073374732,0.024360064170321553,-2.545061713996431,2.263732927860807
76,3,0,0,0.006347941234707832,0.5191980590984199,5.125212244528772,10.213486454601023,10.163991537952665,-2.4642119947019774,2.4642119947019774,9.860749628133771,0.05877972430718692,8.000393994393951,-2.8053683872228046
76,4,0,1,0.002586809918284416,1.404183682304831,7.721950949399803,17.092963647521934,13.57715452503033,3.121086569305698,3.121086569305698,13.213551514390486,0.05284380824354373,0.5552139522373604,-6.620075243785945
76,5,0,1,0.0030978925060480833,1.0266214002551137,6.787094213691037,13.351959009081293,11.391117182163963,0.18068195163183545,0.18068195163183545,11.38968413478379,0.0002515920459348525,-4.013240838026945,4.365609051232477
76,6,0,1,0.0029858825728297234,1.1876703192741291,6.2654482397392,15.026100667050631,13.107003736238145,1.175838671547386,1.175838671547386,13.054154524911002,0.008048012315474412,-1.2662145372709646,3.721344432026838
76,7,0,1,0.0027137710712850094,1.144096479328228,6.6590263332843325,14.4661977369176,12.334869720830618,0.9595422503802317,0.9595422503802317,12.297491195345465,0.006051444725355716,-1.5523525078960276,3.1355013439255743
76,8,0,1,0.002997803734615445,1.3477301570904479,5.9937616346692915,13.967332689082463,11.583465283089973,2.0842116747862525,2.0842116747862525,11.394416600214132,0.032374766576130656,-1.1085277111083112,6.376892249279768
76,9,0,1,0.003773630829527974,1.3726883407692136,7.222677712497779,16.71580831552824,13.724687766654815,2.6918077725815768,2.6918077725815768,13.4581285923279,0.038466541358618045,-1.3340729255150745,-4.116977350861717
76,10,0,1,0.0028622832614928484,1.4846729757124593,5.5333973511075865,13.93966247297184,11.576519249521752,2.681888159960754,2.681888159960754,11.261583984147613,0.05366922566883088,0.4186419872279087,3.8896791608450276
76,11,0,1,0.002487377030774951,1.1350614835369748,7.3604412550835505,16.242607618766456,13.964669675110885,0.994112115398337,0.994112115398337,13.929240475954883,0.0050676825137196515,-5.768595684222309,-2.0484094084973394
76,12,0,1,0.0026846423279494047,1.5594609989325308,5.3036306718741075,14.172528882558689,11.885221121395233,2.9671745136558973,2.9671745136558973,11.508881635935364,0.06232634335051742,1.006957914335819,0.049294093471175957
76,13,0,1,0.0025227651931345463,1.2444648303054606,6.948580715857102,15.794661471095539,13.325977515130905,1.6986836055658026,1.6986836055658026,13.217267143473963,0.016249007470201648,-6.5052901412994775,3.3733732992373557
76,14,0,1,0.0029023734387010336,1.127887175306512,6.910929626606193,14.307632410796717,12.030435210809475,0.8838192686887542,0.8838192686887542,11.997926273393205,0.005397147089517583,-2.2481796821149533,-2.1111034731775873
76,15,0,0,0.002832693513482809,1.4044725989808342,6.208146997269867,16.946620978308264,14.746838456392789,2.511025350840805,2.511025350840805,14.531482930051565,0.02899374726873399,8.437374450891664,1.4364272769493762
76,16,0,1,0.0023223930038511753,1.2051462193068196,7.373297445589476,16.951830492584556,14.515277538222144,1.5126040947873118,1.5126040947873118,14.436249889221541,0.010859250592722736,-0.5850934985029826,-4.060616839781155
76,17,0,0,0.0028353079687803984,1.5767252840036947,7.438559364399775,16.9543079420442,12.97279749112885,4.290005262011803,4.290005262011803,12.242929779989348,0.10935744939536939,5.662900729403909,-7.003498755468073
76,18,0,1,0.0027067603077739477,1.4696489618308617,8.028496967824683,16.82008719731469,12.566402252944574,3.7705752660010834,3.7705752660010834,11.987377851149573,0.09003125701061003,-3.1605887614011596,-3.730307124206239
76,19,0,0,0.0023763126228004694,1.6610390827814883,6.50800167964133,17.10492806108837,13.936608840459748,4.30204346105049,4.30204346105049,13.255998190676307,0.09528737549217868,6.143609010737013,-7.262645114024993
76,20,0,1,0.0026558018289506435,1.513798321294932,5.554144202672574,14.424593762326548,12.063190044062516,2.8537099675631468,2.8537099675631468,11.720788943590776,0.05596227029741289,-4.797604996614207,-1.1522475568262749
76,21,0,1,0.0025682239793241024,1.3978562735821896,6.1141061696538985,14.94547469949707,12.499574359151906,2.4325354969443747,2.4325354969443747,12.260592571979274,0.037872844433751045,0.0295823435766954,1.067364294815848
76,22,0,1,0.0030328615102916956,1.5833588138576906,6.784888517651928,14.74001293306749,10.840837553576227,3.9580245178140934,3.9580245178140934,10.09246257260393,0.13330034909686492,0.9552030927127388,2.7720386360433364
76,23,0,1,0.002357186982408166,1.338793656937801,7.497898636523791,15.41463659317807,11.970781336116483,2.5402404984168467,2.5402404984168467,11.698153016921843,0.04503028290903361,-4.138833144292258,-0.12936629772398214
76,24,0,1,0.0027514523826539516,1.4079768062341984,7.411312107554735,16.61186380164113,13.274341463253752,3.023643443645027,3.023643443645027,12.925390578576735,0.05188420698230583,-7.539914990583497,-6.726976773865401
76,25,0,0,0.005791306030005217,0.8614930546348963,7.6130454007556265,11.964698850698289,10.062348478121702,-1.0544596633845134,1.0544596633845134,10.006946173206549,0.010981489103408786,5.366002788034838,-4.654757767624698
76,26,0,1,0.002568800002336502,1.0217736521106702,6.731234900116737,12.34224942280607,10.249316559643633,0.1465635669903435,0.1465635669903435,10.248268588430744,0.00020448536843552874,-0.5266926071221133,2.2212538478888564
76,27,0,1,0.002767034573480487,1.0075170635440085,7.414404784072015,16.86524085455786,15.120729933559561,0.055734551902869925,0.055734551902869925,15.120627215276764,1.35863723981694e-05,-4.1284756407739325,-4.61877357978088
76,28,0,1,0.0027503990568220615,1.0806219199675566,7.4451431587398496,15.930940782773112,13.763246210940784,0.6002417358909259,0.6002417358909259,13.750151130859273,0.0019020004736030104,-4.525234638829864,7.096560104137178
76,29,0,0,0.0037097488529980183,1.5008325962010949,8.04761720310619,18.59466434684885,14.701204444474579,4.030509017064267,4.030509017064267,14.137906817545614,0.07516470542459372,14.620657028322762,5.977995368004685
76,30,0,1,0.0026416797190904617,1.347048186769979,6.57689808304363,14.974826413145077,12.286834037658206,2.282500554291243,2.282500554291243,12.072964917062272,0.03450974888006004,-2.8921171948711284,3.575551720096995
76,31,0,1,0.002531981561332941,1.6791359172145452,7.059468272935589,16.092515360570363,11.892938990390478,4.794338460587093,4.794338460587093,10.883763896487533,0.16250959140459373,-2.7015980979895473,-2.2843640487429635
5,0,0,0,0.005830154288560152,1.19318719494063,6.984770294077518,12.271962692283301,9.108457536545835,1.3493681804174755,1.3493681804174755,9.00795227611334,0.021946802407820976,-3.0443071525368834,-2.0976450252916234
5,1,0,0,0.0060037532821297646,1.2586777159813818,6.44475968286667,11.261902124018642,7.987940397253434,1.6671157148128446,1.6671157148128446,7.812036673204844,0.04355739108092704,-3.8873683998605206,2.5015645929575197
5,2,0,0,0.005932181607931852,1.213768290197037,6.043382996521112,10.781457681864225,8.00641345006117,1.2918836501721642,1.2918836501721642,7.901499412626586,0.026035791042790704,-2.029389170576273,-2.8443594666328877
5,3,0,1,0.004837393295019865,1.2341639051500835,5.125212244528772,11.190644173143342,9.309176920908152,1.2001397139018817,1.2001397139018817,9.231491732752865,0.016620383718036806,5.455403792954613,0.5854238439706101
5,4,0,0,0.006803910713642836,0.9200571605973582,7.721950949399803,9.106745249797429,5.730447627347862,-0.6173146846229458,0.6173146846229458,5.6971003668467715,0.01160475886457471,-2.783099176108932,-2.0655123393018293
5,5,0,0,0.00623041857033968,1.135909399573631,6.787094213691037,10.66910913488123,7.4326310685073755,0.9224298994324134,0.9224298994324134,7.375169671348192,0.015402158578463342,-2.0848966084281684,2.958495864813844
5,6,0,0,0.006427247077226639,1.170994412324748,6.2654482397392,13.305631227565012,11.151633134853068,1.0713566397053313,1.0713566397053313,11.100050293801022,0.009229776480125223,-4.401444650603856,-2.472693090402802
5,7,0,1,0.004026815760880709,0.8132891916616938,6.6590263332843325,13.087714940531983,11.979321678505555,-1.243312189433585,1.243312189433585,11.914626417841184,0.010771989682959346,7.381608687025925,-0.37870902814637164
5,8,0,0,0.0062618618831038475,1.4517459088607887,5.9937616346692915,12.105027938437422,8.840159387825183,2.7076572971486055,2.7076572971486055,8.415284306745177,0.09381390213938871,-4.449079307372204,1.4682570145630576
5,9,0,1,0.003559364704415202,1.0413318576975157,7.222677712497779,12.623976197059209,10.143242951928668,0.2985266874079763,0.2985266874079763,10.138849017455374,0.0008661890075086859,7.069302378018919,-5.596632918024036
5,10,0,0,0.006203516852110624,0.9954949466233257,5.5333973511075865,10.792283728422296,9.28066687578106,-0.02492825042108777,0.02492825042108777,9.280633396571094,7.214815492728152e-06,-3.1015317796262325,-1.5948641330349633
5,11,0,0,0.005907637067139149,1.1957281940527473,7.3604412550835505,11.192284833914718,7.06282986343141,1.4406458742888402,1.4406458742888402,6.914340543007199,0.04160609825746262,-4.522001406074651,-0.10225076651245607
5,12,0,1,0.0037465770728886127,0.9606407571582701,5.3036306718741075,11.276459679445878,10.06202153593091,-0.20874688755713994,0.20874688755713994,10.059855969469574,0.0004303972944281815,8.032576247233871,0.8799337248391845
5,13,0,0,0.005869104526937008,1.2692108329419995,6.948580715857102,11.240263356542837,7.215556442024437,1.870633202280606,1.870633202280606,6.9688583132795685,0.06721057648985349,-4.7589914450227155,-1.4282167685798615
5,14,0,1,0.004045457113534212,1.2866485375653485,6.910929626606193,16.067853376678283,13.528996705684877,1.981007870683705,1.981007870683705,13.383174499300287,0.02144081156496399,9.618722674116306,-0.14631894599870998
5,15,0,1,0.0036497130058705807,0.8279244775813988,6.208146997269867,11.223509249985547,10.034442029400315,-1.068270137806683,1.068270137806683,9.97741578536577,0.01133380457954492,8.096245316590478,-1.9350994638077321
5,16,0,1,0.004163733217865229,1.0895819722532225,7.373297445589476,14.429913372482115,12.00485504135964,0.6605145271855529,0.6605145271855529,11.986670310116768,0.0030272682566936924,7.220716734296669,6.478601586046449
5,17,0,0,0.00662980554625392,1.3783943136048813,7.438559364399775,13.231801240193638,8.824604531381901,2.814708564901215,2.814708564901215,8.3636750791717,0.10173639992791848,-5.315504980369687,-0.8765970088615738
5,18,0,0,0.005069592036306858,1.4007485828658939,8.028496967824683,15.453455972624903,11.076580005940574,3.2174087823988677,3.2174087823988677,10.599004922866351,0.08437253705769074,-6.85265747726829,10.39287485042433
5,19,0,1,0.004508351907134056,0.8288784668705302,6.50800167964133,13.092674426424207,11.981628853716288,-1.1136592250293886,1.1136592250293886,11.929760815654003,0.008639187753775167,10.018343251516436,0.5697460452913229
5,20,0,0,0.006145132705569267,1.1563601799699386,5.554144202672574,8.969025731850438,6.3204386839012585,0.8684469871088746,0.8684469871088746,6.260490794461484,0.01887957356643075,-2.0892371614640606,-2.0092689196603453
5,21,0,0,0.006861732341349125,1.356190153742069,6.1141061696538985,12.526838011103413,9.638929713803341,2.1777844165643554,2.1777844165643554,9.389686952322235,0.051047225771725366,-1.4796579215985406,-6.428234589390163
5,22,0,0,0.006228509359061718,0.924837093266427,6.784888517651928,10.062856468471933,7.883309816748112,-0.509971942849962,0.509971942849962,7.866797460488162,0.00418480645269982,-2.3706881061943297,-2.0737651006795037
5,23,0,0,0.005633356980979443,1.3322453030764114,7.497898636523791,12.484835566457258,7.89278028782857,2.491141604928059,2.491141604928059,7.489338700855484,0.09961776713147232,-3.9129572630338325,2.1922484087636676
5,24,0,0,0.0056193494237959385,1.42822089545751,7.411312107554735,13.584122203526542,9.086175324538644,3.173678707212174,3.173678707212174,8.513891324866849,0.12200108443195891,-5.043754478232887,4.943227942231543
5,25,0,1,0.003559512086212635,1.1777394488263417,7.6130454007556265,11.931385060369717,7.987269847514281,1.353138493420221,1.353138493420221,7.871816552399786,0.0287003890084137,8.183785610339312,2.726749561462615
5,26,0,0,0.005492451135069132,1.165581051305584,6.731234900116737,10.814226042985789,7.525500955441176,1.1145649513461668,1.1145649513461668,7.442506943199771,0.02193511591445905,-4.20239425772583,2.1267217435537606
5,27,0,0,0.005773230921477079,1.3178524772277833,7.414404784072015,12.940549514952469,8.805541538314465,2.356686927786818,2.356686927786818,8.484314262648468,0.07162945478149273,-2.219308713130281,7.493282730812293
5,28,0,0,0.005717642139643431,1.4101512056940007,7.4451431587398496,15.1202285909326,11.301401011420076,3.05363444312159,3.05363444312159,10.881037703670925,0.07300784346408462,-5.4660976213992205,-9.387675852121419
5,29,0,1,0.004186488222330809,1.1607249192582296,8.04761720310619,15.185063575958875,12.041743642945246,1.2934526251903822,1.2934526251903822,11.972074601705435,0.011537781195938464,8.569926834060052,0.36835044108926934
5,30,0,0,0.005711067002266645,1.0741243601752961,6.57689808304363,10.82539450945095,8.21711581170518,0.48750836234374056,0.48750836234374056,8.202641517195554,0.0035198594598467962,-1.4999001220111068,-3.5000450388858604
5,31,0,0,0.006637150887399912,1.3038524273669003,7.059468272935589,10.671442579127648,5.810159997232295,2.145036570651098,2.145036570651098,5.399701593977927,0.13629917208754042,-4.132364327514088,-0.7475898954873262
91,0,0,1,0.0025968998670578003,0.8219612522464027,6.984770294077518,11.191134990462738,9.686405153926389,-1.2435597565040868,1.2435597565040868,9.606248171789819,0.01648192970749137,2.23409289292149,-1.8039740279730285
91,1,0,2,0.0031243811827152967,0.7163083396405356,6.44475968286667,10.536570534200605,9.646274735318094,-1.8283245750501806,1.8283245750501806,9.47142257095014,0.035924219373897795,-4.181515764401931,1.779209727703552
91,2,0,1,0.0031879961024969816,1.047639583248904,6.043382996521112,11.831622822766091,9.999249437393871,0.28790424736777875,0.28790424736777875,9.995103824151565,0.0008290129970849959,8.942856485778748,0.642527548591944
91,3,0,1,0.003313449677079916,1.374453565901485,5.125212244528772,12.897490864253715,10.972936109914624,1.919154000965752,1.919154000965752,10.803803718730057,0.030589610734831667,8.1844950215142,2.1925102542780626
91,4,0,0,0.0027853166684508324,0.94062201623565,7.721950949399803,13.914521391884062,11.877147067074523,-0.45851387810256855,0.45851387810256855,11.868293368319824,0.0014903240239045642,-3.394645013151339,-7.574842938309626
91,5,0,1,0.002766891149803996,0.573133532430688,6.787094213691037,10.769579512713785,10.452086013973586,-2.8971829320584104,2.8971829320584104,10.042531209893834,0.07683266299486066,1.4425384218773343,0.4264339774532779
91,6,0,2,0.0033559089060872793,0.6022462299931841,6.2654482397392,9.534406110479562,9.103701239208101,-2.4921056581388354,2.4921056581388354,8.755957151644331,0.07493710457708702,-4.231424903056213,0.5124767162904114
91,7,0,2,0.0030678454786539078,1.070037814662836,6.6590263332843325,12.000828787553527,9.66777833002145,0.46638365216551236,0.46638365216551236,9.656522361980274,0.00232719765122607,-1.203196377938271,3.249467566872495
91,8,0,1,0.0025676595978438854,1.4078894894693577,5.9937616346692915,15.088238542709613,12.744518756172873,2.4447923731662797,2.4447923731662797,12.507827492356542,0.03679909028437527,7.368413040584326,1.4244929181418633
91,9,0,1,0.003116582753136754,0.7756446446598614,7.222677712497779,10.079844639344712,8.534876634526887,-1.6204464246947388,1.6204464246947388,8.379634392459318,0.036047475696709366,1.2805046419386843,-1.4351956114179172
91,10,0,2,0.0032616308890283108,1.2958322193126273,5.5333973511075865,11.175979066890678,8.727436759008143,1.6369572187167702,1.6369572187167702,8.572544747423462,0.03518043765132833,-2.5245826205594777,5.167374324314092
91,11,0,2,0.003063482465222478,1.1774929343837033,7.3604412550835505,14.677452818637867,11.917205102587,1.3064263167236472,1.3064263167236472,11.845380016533765,0.01201769043430142,1.0545578523153316,-1.9833359243997128
91,12,0,0,0.0033252760767936707,1.9281177862323349,5.3036306718741075,13.793545599207372,10.48428742178187,4.922393958173708,4.922393958173708,9.256906635754111,0.2204321320408073,-1.864503355038694,6.451315093882485
91,13,0,2,0.003355079097673297,0.9566133871822333,6.948580715857102,11.81178535884041,9.76857980660909,-0.3014753811518921,0.3014753811518921,9.7639266707944,0.0009524470652754875,1.814044218808529,-0.27909239748994535
91,14,0,2,0.003373742802068591,0.8957781125702473,6.910929626606193,10.836043767365542,8.922688416598088,-0.7202701295790934,0.7202701295790934,8.893569560088334,0.006516274245704504,0.5333797746419124,-3.1671951134212684
91,15,0,2,0.0029909955337643623,1.3743103938160388,6.208146997269867,12.966831171796048,10.037178935845589,2.3237739474159427,2.3237739474159427,9.764478257003459,0.053599954832632246,-4.577005640224613,-0.7389862105599536
91,16,0,1,0.0029488836880773306,1.3425564217672747,7.373297445589476,15.775975201958394,12.54070833837931,2.5257703895869184,2.5257703895869184,12.283722952239778,0.04056426396474401,8.5096024430264,-2.018160681488029
91,17,0,2,0.0026590381748974323,0.8693339529436938,7.438559364399775,13.895613293665908,12.337583801125652,-0.9719671479397884,0.9719671479397884,12.299237940341014,0.006206445431050078,-2.7007818109219923,-5.9455457748155425
91,18,0,2,0.003163302317261696,1.2814591270466393,8.028496967824683,13.77370637805819,9.43262079263012,2.2596937480605264,2.2596937480605264,9.157953875322493,0.05738976114871975,-1.9046620283791262,7.797110301957486
91,19,0,2,0.0026134205982089043,1.5377323487146166,6.50800167964133,14.43239703763464,10.972222849223062,3.499563028632202,3.499563028632202,10.399169815982585,0.1017275066766195,-5.563876624096428,-3.288378454078216
91,20,0,2,0.0032374330330640078,0.5978666677002888,5.554144202672574,10.971456884681078,10.692744403872386,-2.2335065162938443,2.2335065162938443,10.456874845201943,0.04363109136505961,-1.9175049226800183,-0.5088440407859326
91,21,0,2,0.003182640066370368,0.4494972021629635,6.1141061696538985,11.139516074434473,11.30772476103626,-3.3658325526671575,3.3658325526671575,10.795175334322211,0.08860016996999485,-3.554295825224383,-0.8743098812525353
91,22,0,2,0.00341202225536108,0.8100979391595933,6.784888517651928,12.243645078667335,11.016183824183726,-1.2884643120745134,1.2884643120745134,10.940574288615634,0.013679884775251649,-3.7018274226267023,2.7064863758920343
91,23,0,0,0.004414968658238649,0.9437563550981651,7.497898636523791,9.766035392860214,6.743947525666835,-0.42170914842259594,0.42170914842259594,6.7307495587850035,0.003910188375815892,1.0657940422820065,-1.979686596429063
91,24,0,1,0.0030395861249417067,1.0751144235805532,7.411312107554735,11.584586065356195,8.42753730715482,0.5566964369345488,0.5566964369345488,8.409130403352696,0.004363505380919245,2.7359302537904338,-5.888130464587264
91,25,0,2,0.0024830522015690804,1.1798046443883594,7.6130454007556265,13.034272548946651,9.544181469803634,1.3688609209953007,1.3688609209953007,9.445507911569127,0.02057033070627958,-3.85104057162431,0.457376892208602
91,26,0,2,0.003423861460760236,0.5209638314115068,6.731234900116737,10.710667514162083,10.621613633725744,-3.2245049764210703,3.2245049764210703,10.120338128797098,0.09216055971081427,-0.898093067089484,1.0932847488506525
91,27,0,2,0.0028377247508615255,0.9240180798298087,7.414404784072015,11.318979529264729,9.027727732070126,-0.5633607124128446,0.5633607124128446,9.010132779937138,0.0038941816724564512,0.5267999325853947,4.138511848820013
91,28,0,0,0.003492391435429454,1.0480742751525398,7.4451431587398496,12.72597147004809,10.05935703695167,0.35791986076330895,0.35791986076330895,10.052987484829584,0.0012659925497948128,2.4609207360841445,3.0298526083163813
91,29,0,2,0.003043828532099724,0.6260875775911781,8.04761720310619,12.013196125169957,11.313044392176437,-3.009104043032344,3.009104043032344,10.905515406323588,0.0707482050422045,-0.6613437383925889,3.069695631059408
91,30,0,1,0.0033163658808916807,1.0344060196103144,6.57689808304363,9.902396755412981,7.1989838075759085,0.22628488442023845,0.22628488442023845,7.195426534460833,0.0009880267334268639,1.3647489266500221,-4.030138035210679
91,31,0,2,0.0032886790577322245,0.9207091426395267,7.059468272935589,11.99339832595811,10.094979152028708,-0.5597512918701222,0.5597512918701222,10.079448525149775,0.0030745343985345247,-2.7883789993933714,-2.6223103824140486
